lab_no,date_rec,date_analyzed,TAT,agency,findingsdesc,classdesc,type
W19-00502,2/14/2019,3/7/2019,15,MA Department of Corrections (NCCI),BUPRENORPHINE,Class B,C
W19-00503A,2/14/2019,3/11/2019,17,MA Department of Corrections (NCCI),NEGATIVE,NA,C
W19-00503B,2/14/2019,2/27/2019,9,MA Department of Corrections (NCCI),NOT TESTED,NA,O
W19-00636,2/28/2019,3/7/2019,5,SBCC IPS,SYNTHETIC CANNABINOID (screen),NA,S
W19-00638,2/28/2019,3/7/2019,5,SBCC IPS,BUPRENORPHINE,Class B,C
W19-00639,2/28/2019,3/11/2019,7,SBCC IPS,BUPRENORPHINE,Class B,C
W19-00640,2/28/2019,3/11/2019,7,SBCC IPS,SYNTHETIC CANNABINOIDS (screen),NA,S
W19-00641,2/28/2019,3/7/2019,5,SBCC IPS,SYNTHETIC CANNABINOID (screen),NA,S
W19-00642,2/28/2019,3/25/2019,17,SBCC IPS,NEGATIVE,NA,C
W19-00643,2/28/2019,3/25/2019,17,SBCC IPS,NEGATIVE,NA,C
W19-00644,2/28/2019,3/7/2019,5,SBCC IPS,BUPRENORPHINE,Class B,C
W19-00645,2/28/2019,3/20/2019,14,SBCC IPS,CANNABIDIOL,NA,C
W19-00646,2/28/2019,3/7/2019,5,SBCC IPS,BUPRENORPHINE,Class B,C
W19-00647,2/28/2019,3/11/2019,7,SBCC IPS,BUPRENORPHINE,Class B,C
W19-00648A,2/28/2019,3/13/2019,9,SBCC IPS,BUPRENORPHINE,Class B,C
W19-00648B,2/28/2019,3/13/2019,9,SBCC IPS,BUPRENORPHINE,Class B,C
W19-00649,2/28/2019,3/13/2019,9,SBCC IPS,BUPRENORPHINE,Class B,C
W19-00650,2/28/2019,3/11/2019,7,SBCC IPS,BUPRENORPHINE,Class B,C
W19-00651,2/28/2019,3/13/2019,9,SBCC IPS,SYNTHETIC CANNABINOID (screen),NA,S
W19-00652,2/28/2019,3/14/2019,10,SBCC IPS,NEGATIVE,NA,C
W19-00653,2/28/2019,3/13/2019,9,SBCC IPS,SYNTHETIC CANNABINOID (screen),NA,S
W19-00654,2/28/2019,3/13/2019,9,SBCC IPS,SYNTHETIC CANNABINOID (screen),NA,S
W19-00655,2/28/2019,3/13/2019,9,SBCC IPS,SYNTHETIC CANNABINOIDS (screen),NA,S
W19-00656,2/28/2019,3/13/2019,9,SBCC IPS,SYNTHETIC CANNABINOID (screen),NA,S
W19-00657,2/28/2019,3/15/2019,11,SBCC IPS,NEGATIVE,NA,C
W19-00658,2/28/2019,3/13/2019,9,SBCC IPS,SYNTHETIC CANNABINOID (screen),NA,S
W19-00659,2/28/2019,3/13/2019,9,SBCC IPS,SYNTHETIC CANNABINOID (screen),NA,S
W19-00660,2/28/2019,3/15/2019,11,SBCC IPS,NEGATIVE,NA,C
W19-00661,2/28/2019,3/13/2019,9,SBCC IPS,SYNTHETIC CANNABINOID (screen),NA,S
W19-00662,2/28/2019,3/11/2019,7,SBCC IPS,BUPRENORPHINE,Class B,C
W19-00663,2/28/2019,3/15/2019,11,SBCC IPS,NEGATIVE,NA,C
W19-00664,2/28/2019,3/15/2019,11,SBCC IPS,NEGATIVE,NA,C
W19-00665,2/28/2019,3/13/2019,9,SBCC IPS,SYNTHETIC CANNABINOID (screen),NA,S
W19-00666,2/28/2019,3/13/2019,9,SBCC IPS,BUPRENORPHINE,Class B,C
W19-00667,2/28/2019,3/13/2019,9,SBCC IPS,BUPRENORPHINE,Class B,C
W19-00815,3/13/2019,3/18/2019,3,MCI - CONCORD,BUPRENORPHINE,Class B,C
W19-00816,3/13/2019,3/18/2019,3,MCI - CONCORD,SYNTHETIC CANNABINOID (screen),NA,S
W19-00817A,3/13/2019,3/25/2019,8,MCI - CONCORD,BUPRENORPHINE,Class B,C
W19-00817B,3/13/2019,3/25/2019,8,MCI - CONCORD,BUPRENORPHINE,Class B,C
W19-00818,3/13/2019,3/25/2019,8,MCI - CONCORD,NEGATIVE,NA,C
W19-00819,3/13/2019,3/25/2019,8,MCI - CONCORD,BUPRENORPHINE,Class B,C
W19-00986,3/28/2019,4/16/2019,12,MCI - SHIRLEY,NEGATIVE,NA,C
W19-00987,3/28/2019,4/16/2019,12,MCI - SHIRLEY,NEGATIVE,NA,C
W19-00988,3/28/2019,4/16/2019,12,MCI - SHIRLEY,BUPRENORPHINE,Class B,C
W19-00989,3/28/2019,4/9/2019,8,MCI - SHIRLEY,NOT TESTED,NA,O
W19-00990,3/28/2019,4/16/2019,12,MCI - SHIRLEY,MMB-FUBINACA,NA,C
W19-00991,3/28/2019,4/16/2019,12,MCI - SHIRLEY,MMB-FUBINACA,NA,C
W19-00992,3/28/2019,4/16/2019,12,MCI - SHIRLEY,SYNTHETIC CANNABINOID (screen),NA,S
W19-00993,3/28/2019,4/16/2019,12,MCI - SHIRLEY,MMB-FUBINACA,NA,C
W19-00994,3/28/2019,4/16/2019,12,MCI - SHIRLEY,JWH-122,Class C,C
W19-00995,3/28/2019,4/16/2019,12,MCI - SHIRLEY,MMB-FUBINACA,NA,C
W19-00996,3/28/2019,4/16/2019,12,MCI - SHIRLEY,BUPRENORPHINE,Class B,C
W19-00997,3/28/2019,4/16/2019,12,MCI - SHIRLEY,BUPRENORPHINE,Class B,C
W19-00998,3/28/2019,4/10/2019,9,MCI - SHIRLEY,NOT TESTED,NA,O
W19-00999,3/28/2019,4/16/2019,12,MCI - SHIRLEY,NEGATIVE,NA,C
W19-01000,3/28/2019,4/10/2019,9,MCI - SHIRLEY,NOT TESTED,NA,O
W19-01040,4/3/2019,4/11/2019,6,MA Department of Corrections (OCCC),SYNTHETIC CANNABINOID (screen),NA,S
W19-01041A,4/3/2019,4/11/2019,6,MA Department of Corrections (OCCC),SYNTHETIC CANNABINOID (screen),NA,S
W19-01041B,4/3/2019,4/11/2019,6,MA Department of Corrections (OCCC),NEGATIVE,NA,C
W19-01042,4/3/2019,4/11/2019,6,MA Department of Corrections (OCCC),SYNTHETIC CANNABINOID (screen),NA,S
W19-01043,4/3/2019,4/11/2019,6,MA Department of Corrections (OCCC),NEGATIVE,NA,C
W19-01044,4/3/2019,4/11/2019,6,MA Department of Corrections (OCCC),BUPRENORPHINE,Class B,C
W19-01045,4/3/2019,4/11/2019,6,MA Department of Corrections (OCCC),BUPRENORPHINE,Class B,C
W19-01046,4/3/2019,4/11/2019,6,MA Department of Corrections (OCCC),MMB-FUBINACA,NA,C
W19-01047,4/3/2019,4/11/2019,6,MA Department of Corrections (OCCC),MMB-FUBINACA,NA,C
W19-01048A,4/3/2019,4/11/2019,6,MA Department of Corrections (OCCC),MMB-FUBINACA,NA,C
W19-01048B,4/3/2019,4/11/2019,6,MA Department of Corrections (OCCC),MMB-FUBINACA,NA,C
W19-01049,4/3/2019,4/11/2019,6,MA Department of Corrections (OCCC),NEGATIVE,NA,C
W19-01050,4/3/2019,4/11/2019,6,MA Department of Corrections (OCCC),SYNTHETIC CANNABINOID (screen),NA,S
W19-01051,4/3/2019,4/11/2019,6,MA Department of Corrections (OCCC),METHAMPHETAMINE. The substance was also found to contain MMB-FUBINACA.,Class B,C
W19-01052,4/3/2019,4/11/2019,6,MA Department of Corrections (OCCC),SYNTHETIC CANNABINOID (screen),NA,S
W19-01053A,4/3/2019,4/12/2019,7,MA Department of Corrections (OCCC),NEGATIVE,NA,C
W19-01053B,4/3/2019,4/12/2019,7,MA Department of Corrections (OCCC),NEGATIVE,NA,C
W19-01054,4/3/2019,4/12/2019,7,MA Department of Corrections (OCCC),NEGATIVE,NA,C
W19-01055,4/3/2019,4/12/2019,7,MA Department of Corrections (OCCC),NEGATIVE,NA,C
W19-01056,4/3/2019,4/12/2019,7,MA Department of Corrections (OCCC),MMB-FUBINACA,NA,C
W19-01057,4/3/2019,4/12/2019,7,MA Department of Corrections (OCCC),NEGATIVE,NA,C
W19-01058,4/3/2019,4/12/2019,7,MA Department of Corrections (OCCC),SYNTHETIC CANNABINOID (screen),NA,S
W19-01059,4/3/2019,4/16/2019,8,MA Department of Corrections (OCCC),BUPRENORPHINE,Class B,C
W19-01060,4/3/2019,4/16/2019,8,MA Department of Corrections (OCCC),BUPRENORPHINE,Class B,C
W19-01061,4/3/2019,4/12/2019,7,MA Department of Corrections (OCCC),SYNTHETIC CANNABINOID (screen),NA,S
W19-01062,4/3/2019,4/16/2019,8,MA Department of Corrections (OCCC),BUPRENORPHINE,Class B,C
W19-01063,4/3/2019,4/12/2019,7,MA Department of Corrections (OCCC),SYNTHETIC CANNABINOID (screen),NA,S
W19-01064,4/3/2019,4/16/2019,8,MA Department of Corrections (OCCC),BUPRENORPHINE,Class B,C
W19-01065,4/3/2019,4/12/2019,7,MA Department of Corrections (OCCC),BUPRENORPHINE,Class B,C
W19-01066,4/3/2019,4/16/2019,8,MA Department of Corrections (OCCC),BUPRENORPHINE,Class B,C
W19-01067,4/3/2019,4/12/2019,7,MA Department of Corrections (OCCC),BUPRENORPHINE,Class B,C
W19-01071,4/3/2019,4/10/2019,5,MCI - NORFOLK,NEGATIVE,NA,C
W19-01072,4/3/2019,4/10/2019,5,MCI - NORFOLK,MMB-FUBINACA,NA,C
W19-01073,4/3/2019,4/10/2019,5,MCI - NORFOLK,MMB-FUBINACA,NA,C
W19-01074,4/3/2019,4/10/2019,5,MCI - NORFOLK,SYNTHETIC CANNABINOID (screen),NA,S
W19-01075,4/3/2019,4/10/2019,5,MCI - NORFOLK,SYNTHETIC CANNABINOID (screen),NA,S
W19-01076,4/3/2019,4/10/2019,5,MCI - NORFOLK,SYNTHETIC CANNABINOID (screen),NA,S
W19-01077A,4/3/2019,4/22/2019,12,MCI - NORFOLK,COCAINE,Class B,C
W19-01077B,4/3/2019,4/22/2019,12,MCI - NORFOLK,COCAINE,Class B,C
W19-01078,4/3/2019,4/10/2019,5,MCI - NORFOLK,MMB-FUBINACA.  Screening test(s) also,NA,C
W19-01079,4/3/2019,4/10/2019,5,MCI - NORFOLK,NEGATIVE,NA,C
W19-01080,4/3/2019,4/10/2019,5,MCI - NORFOLK,MMB-FUBINACA. Screening test(s) also indicate a presence of a second synthetic cannabinoid,NA,C
W19-01081,4/3/2019,4/25/2019,15,MCI - NORFOLK,MMB-FUBINACA,NA,C
W19-01082A,4/3/2019,4/10/2019,5,MCI - NORFOLK,NEGATIVE,NA,C
W19-01082B,4/3/2019,4/10/2019,5,MCI - NORFOLK,SYNTHETIC CANNABINOID (screen),NA,S
W19-01083,4/3/2019,4/10/2019,5,MCI - NORFOLK,NEGATIVE,NA,C
W19-01084,4/3/2019,4/10/2019,5,MCI - NORFOLK,NEGATIVE,NA,C
W19-01085,4/3/2019,4/10/2019,5,MCI - NORFOLK,SYNTHETIC CANNABINOID (screen),NA,S
W19-01086,4/3/2019,4/10/2019,5,MCI - NORFOLK,NEGATIVE,NA,C
W19-01087,4/3/2019,4/11/2019,6,MCI - NORFOLK,MMB-FUBINACA,NA,C
W19-01088,4/3/2019,4/11/2019,6,MCI - NORFOLK,HEROIN & FENTANYL-A. The substance was also found to contain MMB-FUBINACA.,Class A,C
W19-01089,4/3/2019,4/11/2019,6,MCI - NORFOLK,MMB-FUBINACA,NA,C
W19-01090,4/3/2019,4/11/2019,6,MCI - NORFOLK,SYNTHETIC CANNABINOIDS (screen),NA,S
W19-01091,4/3/2019,4/11/2019,6,MCI - NORFOLK,NEGATIVE,NA,C
W19-01092,4/3/2019,4/11/2019,6,MCI - NORFOLK,SYNTHETIC CANNABINOID (screen),NA,S
W19-01093,4/3/2019,4/11/2019,6,MCI - NORFOLK,BUPRENORPHINE,Class B,C
W19-01094,4/3/2019,4/11/2019,6,MCI - NORFOLK,SYNTHETIC CANNABINOID (screen),NA,S
W19-01095,4/3/2019,4/11/2019,6,MCI - NORFOLK,BUPRENORPHINE,Class B,C
W19-01096,4/3/2019,4/11/2019,6,MCI - NORFOLK,BUPRENORPHINE,Class B,C
W19-01097,4/3/2019,4/11/2019,6,MCI - NORFOLK,NEGATIVE,NA,C
W19-01153,4/10/2019,4/17/2019,4,Boston Pre-Release Center (MA-DOC),SYNTHETIC CANNABINOID (screen),NA,S
W19-01154,4/10/2019,4/20/2019,7,Boston Pre-Release Center (MA-DOC),NEGATIVE,NA,C
W19-01155,4/11/2019,4/20/2019,6,MCI - SHIRLEY,NEGATIVE,NA,C
W19-01156,4/11/2019,4/17/2019,3,MCI - SHIRLEY,BUPRENORPHINE,Class B,C
W19-01157,4/11/2019,4/17/2019,3,MCI - SHIRLEY,NEGATIVE,NA,C
W19-01158,4/11/2019,4/26/2019,10,MCI - SHIRLEY,NEGATIVE,NA,C
W19-01159,4/11/2019,4/17/2019,3,MCI - SHIRLEY,MMB-FUBINACA,NA,C
W19-01160,4/11/2019,4/17/2019,3,MCI - SHIRLEY,NEGATIVE,NA,C
W19-01161,4/11/2019,4/17/2019,3,MCI - SHIRLEY,NEGATIVE,NA,C
W19-01162,4/11/2019,4/17/2019,3,MCI - SHIRLEY,BUPRENORPHINE,Class B,C
W19-01163,4/11/2019,4/17/2019,3,MCI - SHIRLEY,MMB-FUBINACA,NA,C
W19-01164,4/11/2019,4/17/2019,3,MCI - SHIRLEY,BUPRENORPHINE,Class B,C
W19-01165,4/11/2019,4/17/2019,3,MCI - SHIRLEY,MMB-FUBINACA,NA,C
W19-01166,4/11/2019,4/17/2019,3,MCI - SHIRLEY,BUPRENORPHINE,Class B,C
W19-01167,4/11/2019,4/17/2019,3,MCI - SHIRLEY,NOT TESTED,NA,O
W19-01168A,4/11/2019,4/29/2019,11,MCI - SHIRLEY,MMB-FUBINACA. Screening test(s) also indicate a presence of a second synthetic cannabinoid,NA,C
W19-01168B,4/11/2019,4/29/2019,11,MCI - SHIRLEY,MMB-FUBINACA. Screening test(s) also indicate a presence of a second synthetic cannabinoid,NA,C
W19-01169,4/11/2019,4/24/2019,8,MCI - SHIRLEY,SYNTHETIC CANNABINOID (screen),NA,S
W19-01170,4/11/2019,4/24/2019,8,MCI - SHIRLEY,MMB-FUBINACA,NA,C
W19-01171,4/11/2019,4/24/2019,8,MCI - SHIRLEY,BUPRENORPHINE,Class B,C
W19-01172,4/11/2019,4/24/2019,8,MCI - SHIRLEY,MMB-FUBINACA,NA,C
W19-01173A,4/11/2019,4/24/2019,8,MCI - SHIRLEY,MIRTAZAPINE,Class E,C
W19-01173B,4/11/2019,4/24/2019,8,MCI - SHIRLEY,Screening test(s) indicate the presence of NAPROXEN,NA,S
W19-01174,4/11/2019,4/24/2019,8,MCI - SHIRLEY,MIRTAZAPINE,Class E,C
W19-01175A,4/11/2019,4/24/2019,8,MCI - SHIRLEY,SYNTHETIC CANNABINOID (screen),NA,S
W19-01175B,4/11/2019,4/22/2019,6,MCI - SHIRLEY,NOT TESTED,NA,O
W19-01176,4/11/2019,4/24/2019,8,MCI - SHIRLEY,CYCLOPROPYL FENTANYL-A,Class A,C
W19-01177,4/11/2019,4/22/2019,6,MCI - SHIRLEY,NOT TESTED,NA,O
W19-01178,4/11/2019,4/24/2019,8,MCI - SHIRLEY,SYNTHETIC CANNABINOID (screen),NA,S
W19-01179,4/11/2019,4/24/2019,8,MCI - SHIRLEY,BUPRENORPHINE,Class B,C
W19-01180,4/11/2019,4/24/2019,8,MCI - SHIRLEY,MMB-FUBINACA,NA,C
W19-01181,4/11/2019,4/24/2019,8,MCI - SHIRLEY,BUPRENORPHINE,Class B,C
W19-01182,4/11/2019,4/22/2019,6,MCI - SHIRLEY,NOT TESTED,NA,O
W19-01183,4/11/2019,4/24/2019,8,MCI - SHIRLEY,MMB-FUBINACA,NA,C
W19-01184,4/11/2019,4/24/2019,8,MCI - SHIRLEY,"NOT CONTROLLED(under class A,B,C,D). Screening test(s) indicate the presence of GABAPENTIN.",NA,S
W19-01185,4/11/2019,4/24/2019,8,MCI - SHIRLEY,SYNTHETIC CANNABINOID (screen),NA,S
W19-01186,4/11/2019,4/22/2019,6,MCI - SHIRLEY,NOT TESTED,NA,O
W19-01187,4/11/2019,4/24/2019,8,MCI - SHIRLEY,SYNTHETIC CANNABINOID (screen),NA,S
W19-01188,4/11/2019,4/25/2019,9,MCI - SHIRLEY,SYNTHETIC CANNABINOID (screen),NA,S
W19-01189,4/11/2019,4/24/2019,8,MCI - SHIRLEY,SYNTHETIC CANNABINOID (screen),NA,S
W19-01190,4/11/2019,4/24/2019,8,MCI - SHIRLEY,SYNTHETIC CANNABINOID (screen),NA,S
W19-01196,4/11/2019,4/12/2019,1,MCI - NORFOLK,NEGATIVE,NA,C
W19-01197,4/11/2019,4/12/2019,1,MCI - NORFOLK,MMB-FUBINACA,NA,C
W19-01199,4/11/2019,4/24/2019,8,MCI - CEDAR JUNCTION,BUPRENORPHINE,Class B,C
W19-01200,4/11/2019,4/24/2019,8,MCI - CEDAR JUNCTION,MMB-FUBINACA,NA,C
W19-01201A,4/11/2019,4/24/2019,8,MCI - CEDAR JUNCTION,BUPRENORPHINE,Class B,C
W19-01201B,4/11/2019,4/24/2019,8,MCI - CEDAR JUNCTION,BUPRENORPHINE,Class B,C
W19-01202,4/11/2019,4/24/2019,8,MCI - CEDAR JUNCTION,BUPRENORPHINE,Class B,C
W19-01203,4/11/2019,4/24/2019,8,MCI - CEDAR JUNCTION,NOT TESTED,NA,O
W19-01204,4/11/2019,4/24/2019,8,MCI - CEDAR JUNCTION,BUPRENORPHINE,Class B,C
W19-01205A,4/11/2019,4/24/2019,8,MCI - CEDAR JUNCTION,BUPRENORPHINE,Class B,C
W19-01205B,4/11/2019,4/24/2019,8,MCI - CEDAR JUNCTION,BUPRENORPHINE,Class B,C
W19-01206,4/11/2019,4/25/2019,9,MCI - CEDAR JUNCTION,MMB-FUBINACA,NA,C
W19-01207A,4/11/2019,4/25/2019,9,MCI - CEDAR JUNCTION,BUPRENORPHINE,Class B,C
W19-01207B,4/11/2019,4/25/2019,9,MCI - CEDAR JUNCTION,BUPRENORPHINE,Class B,C
W19-01208,4/11/2019,4/24/2019,8,MCI - CEDAR JUNCTION,BUPRENORPHINE,Class B,C
W19-01209,4/11/2019,4/24/2019,8,MCI - CEDAR JUNCTION,BUPRENORPHINE,Class B,C
W19-01210,4/11/2019,4/24/2019,8,MCI - CEDAR JUNCTION,NEGATIVE,NA,C
W19-01211,4/11/2019,4/24/2019,8,MCI - CEDAR JUNCTION,NEGATIVE,NA,C
W19-01212,4/11/2019,4/24/2019,8,MCI - CEDAR JUNCTION,COCAINE,Class B,C
W19-01213,4/11/2019,4/22/2019,6,MCI - CEDAR JUNCTION,NEGATIVE,NA,C
W19-01214,4/11/2019,4/29/2019,11,MCI - CEDAR JUNCTION,BUPRENORPHINE,Class B,C
W19-01215,4/11/2019,4/22/2019,6,MCI - CEDAR JUNCTION,COCAINE,Class B,C
W19-01280,4/17/2019,4/29/2019,8,Boston Pre-Release Center (MA-DOC),SYNTHETIC CANNABINOID (screen),NA,S
W19-01283,4/18/2019,4/22/2019,2,MCI - SHIRLEY,SYNTHETIC CANNABINOID (screen),NA,S
W19-01284,4/18/2019,5/1/2019,9,MCI - SHIRLEY,NEGATIVE,NA,C
W19-01285,4/18/2019,4/22/2019,2,MCI - SHIRLEY,BUPRENORPHINE,Class B,C
W19-01286,4/18/2019,4/22/2019,2,MCI - SHIRLEY,SYNTHETIC CANNABINOID (screen),NA,S
W19-01287,4/18/2019,5/1/2019,9,MCI - SHIRLEY,SYNTHETIC CANNABINOID (screen),NA,S
W19-01288,4/18/2019,5/6/2019,10,MCI - SHIRLEY,NEGATIVE,NA,C
W19-01289,4/18/2019,5/1/2019,9,MCI - SHIRLEY,SYNTHETIC CANNABINOID (screen),NA,S
W19-01290,4/18/2019,4/26/2019,6,MCI - SHIRLEY,SYNTHETIC CANNABINOID (screen),NA,S
W19-01291,4/18/2019,4/26/2019,6,MCI - SHIRLEY,SYNTHETIC CANNABINOID (screen),NA,S
W19-01292,4/18/2019,4/26/2019,6,MCI - SHIRLEY,MMB-FUBINACA. Screening test(s) also indicate a presence of a second synthetic cannabinoid.,NA,C
W19-01293A,4/18/2019,4/26/2019,6,MCI - SHIRLEY,SYNTHETIC CANNABINOID (screen),NA,S
W19-01293B,4/18/2019,4/26/2019,6,MCI - SHIRLEY,NEGATIVE,NA,C
W19-01294,4/18/2019,4/26/2019,6,MCI - SHIRLEY,SYNTHETIC CANNABINOID (screen),NA,S
W19-01295,4/18/2019,4/26/2019,6,MCI - SHIRLEY,BUPRENORPHINE,Class B,C
W19-01296,4/18/2019,4/25/2019,5,MCI - SHIRLEY,NOT TESTED,NA,O
W19-01297,4/18/2019,4/26/2019,6,MCI - SHIRLEY,SYNTHETIC CANNABINOID (screen),NA,S
W19-01298,4/18/2019,4/26/2019,6,MCI - SHIRLEY,BUPRENORPHINE,Class B,C
W19-01299,4/18/2019,4/25/2019,5,MCI - SHIRLEY,NOT TESTED,NA,O
W19-01300,4/18/2019,4/26/2019,6,MCI - SHIRLEY,NEGATIVE,NA,C
W19-01301,4/18/2019,4/26/2019,6,MCI - SHIRLEY,SYNTHETIC CANNABINOID (screen),NA,S
W19-01302,4/18/2019,4/26/2019,6,MCI - SHIRLEY,BUPRENORPHINE,Class B,C
W19-01303,4/18/2019,4/26/2019,6,MCI - SHIRLEY,BUPRENORPHINE,Class B,C
W19-01304,4/18/2019,4/26/2019,6,MCI - SHIRLEY,NEGATIVE,NA,C
W19-01305,4/18/2019,4/25/2019,5,MCI - SHIRLEY,NOT TESTED,NA,O
W19-01306,4/18/2019,5/1/2019,9,MCI - SHIRLEY,MMB-FUBINACA,NA,C
W19-01307,4/18/2019,5/1/2019,9,MCI - SHIRLEY,MMB-FUBINACA,NA,C
W19-01308,4/18/2019,5/1/2019,9,MCI - SHIRLEY,BUPRENORPHINE,Class B,C
W19-01309,4/18/2019,5/2/2019,10,MCI - SHIRLEY,METHAMPHETAMINE,Class B,C
W19-01310,4/18/2019,4/30/2019,8,MCI - SHIRLEY,NOT TESTED,NA,O
W19-01311,4/18/2019,5/1/2019,9,MCI - SHIRLEY,THC (D) a constituent...,Class D,C
W19-01312,4/18/2019,5/1/2019,9,MCI - SHIRLEY,BUPRENORPHINE,Class B,C
W19-01313,4/18/2019,4/30/2019,8,MCI - SHIRLEY,NOT TESTED,NA,O
W19-01314,4/18/2019,5/1/2019,9,MCI - SHIRLEY,MMB-FUBINACA,NA,C
W19-01315,4/18/2019,5/1/2019,9,MCI - SHIRLEY,NEGATIVE,NA,C
W19-01316,4/18/2019,5/2/2019,10,MCI - SHIRLEY,BUPRENORPHINE,Class B,C
W19-01317,4/18/2019,5/1/2019,9,MCI - SHIRLEY,MMB-FUBINACA,NA,C
W19-01318A,4/18/2019,5/1/2019,9,MCI - SHIRLEY,BUPRENORPHINE,Class B,C
W19-01318B,4/18/2019,5/2/2019,10,MCI - SHIRLEY,BUPRENORPHINE,Class B,C
W19-01319A,4/18/2019,5/1/2019,9,MCI - SHIRLEY,MMB-FUBINACA,NA,C
W19-01319B,4/18/2019,5/2/2019,10,MCI - SHIRLEY,MMB-FUBINACA,NA,C
W19-01320,4/18/2019,5/2/2019,10,MCI - SHIRLEY,BUPRENORPHINE,Class B,C
W19-01321,4/18/2019,5/2/2019,10,MCI - SHIRLEY,BUPRENORPHINE,Class B,C
W19-01457,4/23/2019,5/1/2019,6,MCI - FRAMINGHAM,MARIJUANA,Class D,C
W19-01458,4/23/2019,5/1/2019,6,MCI - FRAMINGHAM,FENTANYL-A & ACETYLFENTANYL,Class A,C
W19-01459,4/23/2019,5/1/2019,6,MCI - FRAMINGHAM,COCAINE,Class B,C
W19-01460,4/23/2019,5/1/2019,6,MCI - FRAMINGHAM,FENTANYL-A,Class A,C
W19-01461,4/23/2019,5/1/2019,6,MCI - FRAMINGHAM,HEROIN,Class A,C
W19-01462,4/23/2019,5/1/2019,6,MCI - FRAMINGHAM,COCAINE,Class B,C
W19-01463,4/23/2019,5/7/2019,10,MCI - FRAMINGHAM,BUPRENORPHINE,Class B,C
W19-01464,4/23/2019,5/1/2019,6,MCI - FRAMINGHAM,COCAINE,Class B,C
W19-01465,4/23/2019,5/7/2019,10,MCI - FRAMINGHAM,BUPRENORPHINE,Class B,C
W19-01466,4/23/2019,5/13/2019,14,MCI - FRAMINGHAM,FENTANYL-A,Class A,C
W19-01487,4/25/2019,5/7/2019,8,MA DOC (NCCI),BUPRENORPHINE,Class B,C
W19-01529,4/30/2019,5/13/2019,9,MCI - NORFOLK,NEGATIVE,NA,C
W19-01530,4/30/2019,5/2/2019,2,MCI - NORFOLK,NEGATIVE,NA,C
W19-01531,5/1/2019,5/13/2019,8,MCI - SHIRLEY,MMB-FUBINACA,NA,C
W19-01532,5/1/2019,5/13/2019,8,MCI - SHIRLEY,BUPRENORPHINE,Class B,C
W19-01533,5/1/2019,5/13/2019,8,MCI - SHIRLEY,BUPRENORPHINE,Class B,C
W19-01534,5/1/2019,5/13/2019,8,MCI - SHIRLEY,BUPRENORPHINE,Class B,C
W19-01535,5/1/2019,5/10/2019,7,MCI - SHIRLEY,SYNTHETIC CANNABINOID (screen),NA,S
W19-01587,5/7/2019,5/14/2019,5,MCI - FRAMINGHAM,FENTANYL-A,Class A,C
W19-01588,5/7/2019,5/14/2019,5,MCI - FRAMINGHAM,NEGATIVE,NA,C
W19-01589,5/7/2019,5/14/2019,5,MCI - FRAMINGHAM,NEGATIVE,NA,C
W19-01590,5/7/2019,5/14/2019,5,MCI - FRAMINGHAM,NEGATIVE,NA,C
W19-01591,5/7/2019,5/14/2019,5,MCI - CONCORD,NEGATIVE,NA,C
W19-01592,5/7/2019,5/14/2019,5,MCI - CONCORD,NEGATIVE,NA,C
W19-01593,5/7/2019,5/14/2019,5,MCI - CONCORD,SYNTHETIC CANNABINOID (screen),NA,S
W19-01594,5/7/2019,5/14/2019,5,MCI - CONCORD,BUPRENORPHINE,Class B,C
W19-01595,5/7/2019,5/14/2019,5,MCI - CONCORD,BUPRENORPHINE,Class B,C
W19-01599,5/8/2019,5/14/2019,4,MA DOC (PCC),STANOZOLOL,Class E,C
W19-01641,5/14/2019,5/20/2019,4,MCI - SHIRLEY,SYNTHETIC CANNABINOID (screen),NA,S
W19-01642,5/14/2019,5/20/2019,4,MCI - SHIRLEY,SYNTHETIC CANNABINOID (screen),NA,S
W19-01643,5/14/2019,5/20/2019,4,MCI - SHIRLEY,SYNTHETIC CANNABINOID (screen),NA,S
W19-01644,5/14/2019,5/20/2019,4,MCI - SHIRLEY,SYNTHETIC CANNABINOID (screen),NA,S
W19-01645,5/14/2019,5/20/2019,4,MCI - SHIRLEY,BUPRENORPHINE,Class B,C
W19-01680,5/21/2019,6/3/2019,8,MA DOC (OCCC),BUPRENORPHINE,Class B,C
W19-01686,5/21/2019,6/3/2019,8,MA DOC (NECC),THC (D) a constituent...,Class D,C
W19-01687,5/21/2019,6/3/2019,8,MA DOC (NECC),MMB-FUBINACA,NA,C
W19-01688,5/21/2019,6/3/2019,8,MA DOC (NECC),MMB-FUBINACA,NA,C
W19-01689,5/21/2019,6/3/2019,8,MA DOC (NECC),NEGATIVE,NA,C
W19-01690,5/21/2019,6/3/2019,8,MA DOC (NECC),NEGATIVE,NA,C
W19-01783,5/24/2019,6/3/2019,5,MA DOC (BPRC),SYNTHETIC CANNABINOID (screen),NA,S
W19-01786,5/28/2019,6/3/2019,4,MA DOC (PCC),NEGATIVE,NA,C
W19-01787 ,5/28/2019,6/10/2019,9,MCI - FRAMINGHAM,NEGATIVE,NA,C
W19-01788A,5/28/2019,6/10/2019,9,MCI - FRAMINGHAM,MIRTAZAPINE,Class E,C
W19-01788B,5/28/2019,6/10/2019,9,MCI - FRAMINGHAM,MIRTAZAPINE,Class E,C
W19-01789,5/28/2019,6/11/2019,10,MCI - FRAMINGHAM,NEGATIVE,NA,C
W19-01790,5/28/2019,6/3/2019,4,MCI - FRAMINGHAM,BUPRENORPHINE,Class B,C
W19-01791,5/28/2019,6/3/2019,4,MCI - FRAMINGHAM,MARIJUANA,Class D,C
W19-01792A,5/28/2019,6/11/2019,10,MCI - FRAMINGHAM,MARIJUANA,Class D,C
W19-01792B,5/28/2019,6/11/2019,10,MCI - FRAMINGHAM,NEGATIVE,NA,C
W19-01832,5/29/2019,6/3/2019,3,MCI - CEDAR JUNCTION,NEGATIVE,NA,C
W19-01833,5/29/2019,6/3/2019,3,MCI - CEDAR JUNCTION,IBUPROFEN 800 MG,Class E,C
W19-01834,5/29/2019,6/3/2019,3,MCI - CEDAR JUNCTION,GABAPENTIN (screen),Class E,S
W19-01835,5/29/2019,6/3/2019,3,MCI - CEDAR JUNCTION,MORPHINE,Class B,C
W19-01836,5/29/2019,6/3/2019,3,MCI - CEDAR JUNCTION,MARIJUANA,Class D,C
W19-01837 ,5/29/2019,6/3/2019,3,MCI - CEDAR JUNCTION,COCAINE,Class B,C
W19-01838,5/29/2019,6/3/2019,3,MCI - CEDAR JUNCTION,FENTANYL-A,Class A,C
W19-01839,5/29/2019,6/3/2019,3,MCI - CEDAR JUNCTION,BUPRENORPHINE,Class B,C
W19-01840,5/30/2019,6/3/2019,2,MCI - CEDAR JUNCTION,FENTANYL-A,Class A,C
W19-01841,5/30/2019,6/3/2019,2,MCI - CEDAR JUNCTION,FENTANYL-A,Class A,C
W19-01903,6/5/2019,6/17/2019,8,MCI - NORFOLK,SYNTHETIC CANNABINOID (screen),NA,S
W19-01904 ,6/5/2019,6/17/2019,8,MCI - NORFOLK,SYNTHETIC CANNABINOID (screen),NA,S
W19-01916,6/5/2019,6/17/2019,8,MCI - SHIRLEY,MMB-FUBINACA,NA,C
W19-01917 ,6/5/2019,6/17/2019,8,MCI - SHIRLEY,BUPRENORPHINE,Class B,C
W19-01918  ,6/5/2019,6/17/2019,8,MCI - SHIRLEY,BUPRENORPHINE,Class B,C
W19-01954 ,6/7/2019,6/17/2019,6,MA DOC (MASAC),FENTANYL-A,Class A,C
W19-01955A ,6/7/2019,6/25/2019,12,MA DOC (MASAC),NEGATIVE,NA,C
W19-01955B ,6/7/2019,6/25/2019,12,MA DOC (MASAC),NEGATIVE,NA,C
W19-01994 ,6/12/2019,6/17/2019,3,MCI - CONCORD,NEGATIVE,NA,C
W19-01995 ,6/12/2019,6/17/2019,3,MCI - CONCORD,NEGATIVE,NA,C
W19-01996 ,6/12/2019,6/17/2019,3,MCI - CONCORD,NEGATIVE,NA,C
W19-01997 ,6/12/2019,6/17/2019,3,MCI - CONCORD,NEGATIVE,NA,C
W19-01998 ,6/12/2019,6/19/2019,5,MCI - CONCORD,SYNTHETIC CANNABINOID (screen),NA,S
W19-02002,6/12/2019,6/17/2019,3,MA DOC (NECC),MMB-FUBINACA,NA,C
W19-02003A,6/12/2019,6/24/2019,8,MA DOC (NECC),SYNTHETIC CANNABINOID (screen),NA,S
W19-02003B,6/12/2019,6/24/2019,8,MA DOC (NECC),MMB-FUBINACA,NA,C
W19-02003C,6/12/2019,6/24/2019,8,MA DOC (NECC),SYNTHETIC CANNABINOID (screen),NA,S
W19-02004,6/12/2019,6/26/2019,10,MA DOC (NECC),THC (D) a constituent...,Class D,C
W19-02005,6/12/2019,6/24/2019,8,MA DOC (NECC),SYNTHETIC CANNABINOID (screen),NA,S
W19-02006,6/12/2019,6/24/2019,8,MA DOC (NECC),SYNTHETIC CANNABINOID (screen),NA,S
W19-02090,6/20/2019,6/27/2019,5,MCI - NORFOLK,BUPRENORPHINE,Class B,C
W19-02091A,6/20/2019,6/26/2019,4,MCI - NORFOLK,NEGATIVE,NA,C
W19-02091B,6/20/2019,6/26/2019,4,MCI - NORFOLK,SYNTHETIC CANNABINOID (screen),NA,S
W19-02092,6/20/2019,6/27/2019,5,MCI - NORFOLK,BUPRENORPHINE,Class B,C
W19-02093,6/20/2019,6/26/2019,4,MCI - NORFOLK,BUPRENORPHINE,Class B,C
W19-02094A,6/20/2019,6/26/2019,4,MCI - NORFOLK,NEGATIVE,NA,C
W19-02094B,6/20/2019,6/26/2019,4,MCI - NORFOLK,SYNTHETIC CANNABINOID (screen),NA,S
W19-02095,6/20/2019,6/27/2019,5,MCI - NORFOLK,BUPRENORPHINE,Class B,C
W19-02117,6/26/2019,7/8/2019,8,MCI - SHIRLEY,NEGATIVE,NA,C
W19-02118 ,6/26/2019,7/8/2019,8,MCI - SHIRLEY,SYNTHETIC CANNABINOID (screen),NA,S
W19-02119 ,6/26/2019,7/3/2019,5,MCI - SHIRLEY,NOT TESTED,NA,O
W19-02120 ,6/26/2019,7/8/2019,8,MCI - SHIRLEY,BUPRENORPHINE,Class B,C
W19-02121 ,6/26/2019,7/8/2019,8,MCI - SHIRLEY,NEGATIVE,NA,C
W19-02191  ,7/2/2019,7/11/2019,7,MA DOC (SMCC),NEGATIVE,NA,C
W19-02197 ,7/3/2019,7/11/2019,7,MCI - CONCORD,SYNTHETIC CANNABINOID (screen),NA,S
W19-02198 ,7/3/2019,7/11/2019,7,MCI - CONCORD,SYNTHETIC CANNABINOID (screen),NA,S
W19-02199  ,7/3/2019,7/11/2019,7,MCI - CONCORD,SYNTHETIC CANNABINOID (screen),NA,S
W19-02212 ,7/10/2019,7/15/2019,3,MA DOC (OCCC),BUPRENORPHINE,Class B,C
W19-02213 ,7/10/2019,7/15/2019,3,MA DOC (OCCC),BUPRENORPHINE,Class B,C
W19-02216 ,7/11/2019,7/17/2019,4,SBCC IPS,MMB-FUBINACA,NA,C
W19-02217 ,7/11/2019,7/17/2019,4,SBCC IPS,MMB-FUBINACA,NA,C
W19-02218 ,7/11/2019,7/17/2019,4,SBCC IPS,NEGATIVE,NA,C
W19-02219 ,7/11/2019,7/17/2019,4,SBCC IPS,BUPRENORPHINE,Class B,C
W19-02220 ,7/11/2019,7/15/2019,2,SBCC IPS,BUPRENORPHINE,Class B,C
W19-02221 ,7/11/2019,7/17/2019,4,SBCC IPS,MMB-FUBINACA,NA,C
W19-02222A ,7/11/2019,7/15/2019,2,SBCC IPS,BUPRENORPHINE,Class B,C
W19-02222B ,7/11/2019,7/15/2019,2,SBCC IPS,NOT TESTED,NA,O
W19-02223 ,7/11/2019,7/31/2019,14,SBCC IPS,MMB-FUBINACA,NA,C
W19-02224 ,7/11/2019,7/17/2019,4,SBCC IPS,MMB-FUBINACA,NA,C
W19-02225 ,7/11/2019,7/31/2019,14,SBCC IPS,MMB-FUBINACA,NA,C
W19-02226,7/11/2019,8/28/2019,34,SBCC IPS,NEGATIVE,NA,C
W19-02227,7/11/2019,8/28/2019,34,SBCC IPS,THC (D) a constituent...,Class D,C
W19-02228 ,7/11/2019,7/17/2019,4,SBCC IPS,MMB-FUBINACA,NA,C
W19-02229 ,7/11/2019,7/22/2019,7,SBCC IPS,BUPRENORPHINE,Class B,C
W19-02230 ,7/11/2019,7/24/2019,9,SBCC IPS,BUPRENORPHINE,Class B,C
W19-02231 ,7/11/2019,7/22/2019,7,SBCC IPS,NEGATIVE,NA,C
W19-02232 ,7/11/2019,7/22/2019,7,SBCC IPS,BUPRENORPHINE,Class B,C
W19-02233 ,7/11/2019,7/22/2019,7,SBCC IPS,BUPRENORPHINE,Class B,C
W19-02234 ,7/11/2019,7/22/2019,7,SBCC IPS,BUPRENORPHINE,Class B,C
W19-02235 ,7/11/2019,7/17/2019,4,SBCC IPS,MMB-FUBINACA,NA,C
W19-02236,7/11/2019,9/3/2019,36,SBCC IPS,MMB-FUBINACA,NA,C
W19-02237 ,7/11/2019,7/31/2019,14,SBCC IPS,MMB-FUBINACA,NA,C
W19-02238,7/11/2019,8/5/2019,17,SBCC IPS,MMB-FUBINACA,NA,C
W19-02239,7/11/2019,8/7/2019,19,SBCC IPS,NEGATIVE,NA,C
W19-02240,7/11/2019,8/7/2019,19,SBCC IPS,NEGATIVE,NA,C
W19-02241 ,7/11/2019,7/24/2019,9,SBCC IPS,NEGATIVE,NA,C
W19-02242 ,7/11/2019,7/22/2019,7,SBCC IPS,BUPRENORPHINE,Class B,C
W19-02245 ,7/11/2019,7/24/2019,9,SBCC IPS,SYNTHETIC CANNABINOID (screen),NA,S
W19-02246 ,7/11/2019,7/24/2019,9,SBCC IPS,MMB-FUBINACA,NA,C
W19-02247 ,7/11/2019,7/24/2019,9,SBCC IPS,BUPRENORPHINE,Class B,C
W19-02248  ,7/11/2019,7/24/2019,9,SBCC IPS,MMB-FUBINACA,NA,C
W19-02249 ,7/11/2019,7/24/2019,9,SBCC IPS,MMB-FUBINACA,NA,C
W19-02250,7/11/2019,7/24/2019,9,SBCC IPS,BUPRENORPHINE,Class B,C
W19-02251,7/11/2019,7/24/2019,9,SBCC IPS,BUPRENORPHINE,Class B,C
W19-02252,7/11/2019,7/24/2019,9,SBCC IPS,NEGATIVE,NA,C
W19-02253,7/11/2019,7/24/2019,9,SBCC IPS,MMB-FUBINACA,NA,C
W19-02254,7/11/2019,7/24/2019,9,SBCC IPS,MMB-FUBINACA,NA,C
W19-02255,7/11/2019,7/31/2019,14,SBCC IPS,SYNTHETIC CANNABINOID (screen),NA,S
W19-02256,7/11/2019,7/24/2019,9,SBCC IPS,BUPRENORPHINE,Class B,C
W19-02257,7/11/2019,7/17/2019,4,SBCC IPS,BUPRENORPHINE,Class B,C
W19-02258,7/11/2019,7/24/2019,9,SBCC IPS,BUPRENORPHINE,Class B,C
W19-02259,7/11/2019,7/31/2019,14,SBCC IPS,NEGATIVE,NA,C
W19-02260,7/11/2019,7/24/2019,9,SBCC IPS,BUPRENORPHINE,Class B,C
W19-02261,7/11/2019,7/22/2019,7,SBCC IPS,MARIJUANA,Class D,C
W19-02262,7/11/2019,7/22/2019,7,SBCC IPS,MARIJUANA,Class D,C
W19-02263,7/11/2019,7/18/2019,5,SBCC IPS,NEGATIVE,NA,C
W19-02264,7/11/2019,7/22/2019,7,SBCC IPS,BUPRENORPHINE,Class B,C
W19-02265,7/11/2019,7/22/2019,7,SBCC IPS,BUPRENORPHINE,Class B,C
W19-02266,7/11/2019,7/22/2019,7,SBCC IPS,BUPRENORPHINE,Class B,C
W19-02267,7/11/2019,7/18/2019,5,SBCC IPS,NEGATIVE,NA,C
W19-02268,7/11/2019,7/18/2019,5,SBCC IPS,NEGATIVE,NA,C
W19-02269,7/11/2019,7/22/2019,7,SBCC IPS,BUPRENORPHINE,Class B,C
W19-02270,7/11/2019,7/18/2019,5,SBCC IPS,NEGATIVE,NA,C
W19-02271,7/11/2019,7/18/2019,5,SBCC IPS,SYNTHETIC CANNABINOID (screen),NA,S
W19-02272,7/11/2019,7/18/2019,5,SBCC IPS,MMB-FUBINACA,NA,C
W19-02273,7/11/2019,7/30/2019,13,SBCC IPS,MMB-FUBINACA,NA,C
W19-02274,7/11/2019,7/30/2019,13,SBCC IPS,BUPRENORPHINE,Class B,C
W19-02275,7/11/2019,7/30/2019,13,SBCC IPS,NEGATIVE,NA,C
W19-02276,7/11/2019,7/30/2019,13,SBCC IPS,NEGATIVE,NA,C
W19-02277,7/11/2019,7/30/2019,13,SBCC IPS,MMB-FUBINACA,NA,C
W19-02278,7/11/2019,7/30/2019,13,SBCC IPS,BUPRENORPHINE,Class B,C
W19-02279,7/11/2019,7/30/2019,13,SBCC IPS,BUPRENORPHINE,Class B,C
W19-02280,7/11/2019,7/30/2019,13,SBCC IPS,SYNTHETIC CANNABINOID (screen),NA,S
W19-02281,7/11/2019,7/30/2019,13,SBCC IPS,BUPRENORPHINE,Class B,C
W19-02282,7/11/2019,7/30/2019,13,SBCC IPS,MMB-FUBINACA,NA,C
W19-02283,7/11/2019,8/5/2019,17,SBCC IPS,MMB-FUBINACA,NA,C
W19-02284,7/11/2019,8/5/2019,17,SBCC IPS,MMB-FUBINACA,NA,C
W19-02285,7/11/2019,8/1/2019,15,SBCC IPS,BUPRENORPHINE,Class B,C
W19-02286,7/11/2019,8/5/2019,17,SBCC IPS,NEGATIVE,NA,C
W19-02287,7/11/2019,8/5/2019,17,SBCC IPS,BUPRENORPHINE,Class B,C
W19-02288,7/11/2019,8/5/2019,17,SBCC IPS,MMB-FUBINACA,NA,C
W19-02289,7/11/2019,8/1/2019,15,SBCC IPS,BUPRENORPHINE,Class B,C
W19-02290,7/11/2019,8/1/2019,15,SBCC IPS,BUPRENORPHINE,Class B,C
W19-02291,7/11/2019,8/5/2019,17,SBCC IPS,MMB-FUBINACA,NA,C
W19-02292,7/11/2019,8/1/2019,15,SBCC IPS,BUPRENORPHINE,Class B,C
W19-02293A,7/11/2019,8/26/2019,32,MCI - NORFOLK,SYNTHETIC CANNABINOID (screen),NA,S
W19-02293B,7/11/2019,8/26/2019,32,MCI - NORFOLK,NEGATIVE,NA,C
W19-02294,7/11/2019,7/17/2019,4,MCI - NORFOLK,SYNTHETIC CANNABINOID (screen),NA,S
W19-02295,7/11/2019,7/17/2019,4,MCI - NORFOLK,BUPRENORPHINE,Class B,C
W19-02381,7/18/2019,7/22/2019,2,SBCC IPS,BUPRENORPHINE,Class B,C
W19-02382,7/18/2019,7/22/2019,2,SBCC IPS,MMB-FUBINACA,NA,C
W19-02383,7/18/2019,8/2/2019,11,MCI - SHIRLEY,NEGATIVE,NA,C
W19-02384,7/18/2019,8/2/2019,11,MCI - SHIRLEY,BUPRENORPHINE,Class B,C
W19-02385,7/18/2019,8/2/2019,11,MCI - SHIRLEY,SYNTHETIC CANNABINOID (screen),NA,S
W19-02386,7/18/2019,8/2/2019,11,MCI - SHIRLEY,SYNTHETIC CANNABINOID (screen),NA,S
W19-02387,7/18/2019,8/2/2019,11,MCI - SHIRLEY,BUPRENORPHINE,Class B,C
W19-02388,7/18/2019,7/22/2019,2,MCI - SHIRLEY,NEGATIVE,NA,C
W19-02389,7/18/2019,8/2/2019,11,MCI - CONCORD,SYNTHETIC CANNABINOID (screen),NA,S
W19-02390,7/18/2019,8/2/2019,11,MCI - CONCORD,NEGATIVE,NA,C
W19-02391,7/18/2019,8/2/2019,11,MCI - CONCORD,BUPRENORPHINE,Class B,C
W19-02392,7/18/2019,8/2/2019,11,MCI - CONCORD,SYNTHETIC CANNABINOID (screen),NA,S
W19-02436,7/24/2019,8/2/2019,7,MA DOC (NCCI),BUPRENORPHINE,Class B,C
W19-02464,7/24/2019,8/2/2019,7,MCI - NORFOLK,BUPRENORPHINE,Class B,C
W19-02465,7/24/2019,8/2/2019,7,MCI - NORFOLK,NEGATIVE,NA,C
W19-02660,8/7/2019,8/12/2019,3,MCI - CEDAR JUNCTION,FENTANYL-A,Class A,C
W19-02661,8/7/2019,8/14/2019,5,MCI - CEDAR JUNCTION,BUPRENORPHINE,Class B,C
W19-02662,8/7/2019,8/13/2019,4,MCI - CEDAR JUNCTION,BUPRENORPHINE,Class B,C
W19-02663,8/7/2019,8/13/2019,4,MCI - CEDAR JUNCTION,NEGATIVE,NA,C
W19-02664,8/7/2019,8/14/2019,5,MCI - CEDAR JUNCTION,NEGATIVE,NA,C
W19-02665,8/7/2019,8/14/2019,5,MCI - CEDAR JUNCTION,BUPRENORPHINE,Class B,C
W19-02671,8/8/2019,8/16/2019,6,MCI - NORFOLK,BUPRENORPHINE,Class B,C
W19-02720,8/15/2019,8/28/2019,9,MCI - NORFOLK,BUPRENORPHINE,Class B,C
W19-02721,8/15/2019,8/28/2019,9,MCI - NORFOLK,NEGATIVE,NA,C
W19-02770,8/20/2019,8/28/2019,6,MCI - FRAMINGHAM,FENTANYL-A,Class A,C
W19-02771,8/20/2019,8/28/2019,6,MCI - FRAMINGHAM,FENTANYL-A,Class A,C
W19-02795,8/21/2019,8/23/2019,2,MCI - NORFOLK,NEGATIVE,NA,C
W19-02796,8/21/2019,8/23/2019,2,MCI - NORFOLK,NEGATIVE,NA,C
W19-02797,8/21/2019,8/23/2019,2,MCI - NORFOLK,NEGATIVE,NA,C
W19-02798,8/21/2019,8/23/2019,2,MCI - NORFOLK,NEGATIVE,NA,C
W19-02799,8/21/2019,8/23/2019,2,MCI - NORFOLK,NEGATIVE,NA,C
W19-02800,8/21/2019,8/23/2019,2,MCI - NORFOLK,NEGATIVE,NA,C
W19-02818,8/27/2019,9/3/2019,4,MCI - SHIRLEY,BUPRENORPHINE,Class B,C
W19-02819,8/27/2019,9/3/2019,4,MCI - SHIRLEY,BUPRENORPHINE,Class B,C
W19-02820,8/27/2019,9/3/2019,4,MCI - SHIRLEY,BUPRENORPHINE,Class B,C
W19-02821A,8/27/2019,9/3/2019,4,MCI - SHIRLEY,BUPRENORPHINE,Class B,C
W19-02821B,8/27/2019,9/3/2019,4,MCI - SHIRLEY,BUPRENORPHINE,Class B,C
W19-02899A,9/5/2019,9/9/2019,2,MCI - CEDAR JUNCTION,SYNTHETIC CANNABINOID (screen),NA,S
W19-02899B,9/5/2019,9/9/2019,2,MCI - CEDAR JUNCTION,MMB-FUBINACA,NA,C
W19-02899C,9/5/2019,9/9/2019,2,MCI - CEDAR JUNCTION,NEGATIVE,NA,C
W19-02900A,9/5/2019,9/9/2019,2,MCI - CEDAR JUNCTION,MARIJUANA,Class D,C
W19-02900B,9/5/2019,9/9/2019,2,MCI - CEDAR JUNCTION,MARIJUANA,Class D,C
W19-02901,9/5/2019,9/9/2019,2,MCI - CEDAR JUNCTION,MARIJUANA,Class D,C
W19-02902,9/5/2019,9/9/2019,2,MCI - CEDAR JUNCTION,BUPRENORPHINE,Class B,C
W19-02903A,9/5/2019,9/9/2019,2,MCI - CEDAR JUNCTION,NEGATIVE,NA,C
W19-02903B,9/5/2019,9/9/2019,2,MCI - CEDAR JUNCTION,MMB-FUBINACA,NA,C
W19-02904,9/5/2019,9/9/2019,2,MCI - CEDAR JUNCTION,BUPRENORPHINE,Class B,C
W19-02905,9/5/2019,9/9/2019,2,MCI - CEDAR JUNCTION,BUPRENORPHINE,Class B,C
W19-02906,9/5/2019,9/9/2019,2,MCI - CEDAR JUNCTION,BUPRENORPHINE,Class B,C
W19-02955,9/10/2019,9/19/2019,7,MA DOC (OCCC),BUPRENORPHINE,Class B,C
W19-02959,9/11/2019,9/19/2019,6,MCI - CONCORD,NEGATIVE,NA,C
W19-02960,9/11/2019,9/19/2019,6,MCI - CONCORD,NEGATIVE,NA,C
W19-02961,9/11/2019,9/19/2019,6,MCI - CONCORD,SYNTHETIC CANNABINOID (screen),NA,S
W19-02962,9/11/2019,9/19/2019,6,MCI - CONCORD,NEGATIVE,NA,C
W19-02963,9/11/2019,9/20/2019,7,MCI - CONCORD,BUPRENORPHINE,Class B,C
W19-02978,9/12/2019,9/18/2019,4,MCI - NORFOLK,BUPRENORPHINE,Class B,C
W19-02979,9/12/2019,9/18/2019,4,MCI - NORFOLK,SYNTHETIC CANNABINOID (screen),NA,S
W19-02980,9/12/2019,9/18/2019,4,MCI - NORFOLK,SYNTHETIC CANNABINOID (screen),NA,S
W19-02981,9/12/2019,9/18/2019,4,MCI - NORFOLK,NEGATIVE,NA,C
W19-02992,9/13/2019,9/18/2019,3,MA DOC (MTC),NEGATIVE,NA,C
W19-03037,9/17/2019,9/18/2019,1,MA DOC (OCCC),NEGATIVE,NA,C
W19-03038,9/17/2019,9/18/2019,1,MA DOC (OCCC),NEGATIVE,NA,C
W19-03052,9/17/2019,9/18/2019,1,MCI - SHIRLEY,SYNTHETIC CANNABINOID (screen),NA,S
W19-03053,9/17/2019,9/17/2019,1,MCI - SHIRLEY,NOT TESTED,NA,O
W19-03054,9/17/2019,9/18/2019,1,MCI - SHIRLEY,SYNTHETIC CANNABINOID (screen),NA,S
W19-03055,9/17/2019,9/17/2019,1,MCI - SHIRLEY,NOT TESTED,NA,O
W19-03072,9/20/2019,9/23/2019,1,MA DOC - OIS,FENTANYL-A,Class A,C
W19-03075,9/20/2019,9/30/2019,6,MCI - SHIRLEY,BUPRENORPHINE,Class B,C
W19-03076,9/20/2019,9/30/2019,6,MCI - SHIRLEY,SYNTHETIC CANNABINOIDS (screen),NA,S
W19-03226A,9/27/2019,10/2/2019,3,MCI - NORFOLK,SYNTHETIC CANNABINOID (screen),NA,S
W19-03226B,9/27/2019,10/3/2019,4,MCI - NORFOLK,SYNTHETIC CANNABINOID (screen),NA,S
W19-03227,9/27/2019,10/3/2019,4,MCI - NORFOLK,SYNTHETIC CANNABINOID (screen),NA,S
W19-03228,9/30/2019,10/9/2019,7,MCI - SHIRLEY,NEGATIVE,NA,C
W19-03229,9/30/2019,10/10/2019,8,MCI - SHIRLEY,SYNTHETIC CANNABINOID (screen),NA,S
W19-03266,10/1/2019,10/7/2019,4,MA DOC (OCCC),BUPRENORPHINE,Class B,C
W19-03267,10/1/2019,10/7/2019,4,MA DOC (OCCC),BUPRENORPHINE,Class B,C
W19-03268,10/1/2019,10/7/2019,4,MA DOC (OCCC),BUPRENORPHINE,Class B,C
W19-03329,10/3/2019,10/9/2019,4,MCI - NORFOLK,NEGATIVE,NA,C
W19-03330,10/3/2019,10/10/2019,5,MCI - NORFOLK,MMB-FUBINACA,NA,C
W19-03369,10/8/2019,10/16/2019,6,MA DOC (OCCC),BUPRENORPHINE,Class B,C
W19-03370,10/8/2019,10/16/2019,6,MA DOCs (OCCC),BUPRENORPHINE,Class B,C
W19-03388,10/9/2019,10/15/2019,4,MCI - CEDAR JUNCTION,BUPRENORPHINE,Class B,C
W19-03389,10/9/2019,10/15/2019,4,MCI - CEDAR JUNCTION,BUPRENORPHINE,Class B,C
W19-03390,10/9/2019,10/15/2019,4,MCI - CEDAR JUNCTION,NEGATIVE,NA,C
W19-03391,10/9/2019,10/15/2019,4,MCI - CEDAR JUNCTION,CLONAZEPAM,Class C,C
W19-03392,10/9/2019,10/15/2019,4,MCI - CEDAR JUNCTION,ALPRAZOLAM,Class E,C
W19-03419,10/15/2019,10/17/2019,2,MCI - NORFOLK,SYNTHETIC CANNABINOID (screen),NA,S
W19-03420,10/15/2019,10/17/2019,2,MCI - NORFOLK,NEGATIVE,NA,C
W19-03421,10/15/2019,10/16/2019,1,MCI - NORFOLK,NOT TESTED,NA,O
W19-03422,10/15/2019,10/17/2019,2,MCI - NORFOLK,BUPRENORPHINE,Class B,C
W19-03423,10/15/2019,10/17/2019,2,MCI - NORFOLK,NEGATIVE,NA,C
W19-03440,10/21/2019,10/24/2019,3,MCI - NORFOLK,NEGATIVE,NA,C
W19-03473,10/23/2019,10/30/2019,5,MCI - CONCORD,SYNTHETIC CANNABINOID (screen),NA,S
W19-03475,10/23/2019,10/31/2019,6,MCI - FRAMINGHAM,FENTANYL-A,Class A,C
W19-03476,10/23/2019,10/29/2019,4,MCI - FRAMINGHAM,NOT TESTED,NA,O
W19-03477,10/23/2019,10/30/2019,5,MCI - FRAMINGHAM,FENTANYL-A,Class A,C
W19-03478,10/24/2019,10/30/2019,4,MCI - NORFOLK,SYNTHETIC CANNABINOID (screen),NA,S
W19-03516,10/28/2019,11/2/2019,5,MCI - SHIRLEY,BUPRENORPHINE,Class B,C
W19-03517A,10/28/2019,11/2/2019,5,MCI - SHIRLEY,BUPRENORPHINE,Class B,C
W19-03517B,10/28/2019,11/2/2019,5,MCI - SHIRLEY,BUPRENORPHINE,Class B,C
W19-03517C,10/28/2019,11/2/2019,5,MCI - SHIRLEY,BUPRENORPHINE,Class B,C
W19-03560A,10/31/2019,11/20/2019,14,MA DOC (MASAC),FENTANYL-A,Class A,C
W19-03560B,10/31/2019,11/20/2019,14,MA DOC (MASAC),OXYCODONE,Class B,C
W19-03560C,10/31/2019,11/20/2019,14,MA DOC (MASAC),COCAINE,Class B,C
W19-03561,10/31/2019,11/20/2019,14,MA DOC (MASAC),METHAMPHETAMINE,Class B,C
W19-03584,11/5/2019,11/20/2019,11,MA DOC (OCCC),BUPRENORPHINE,Class B,C
W19-03585,11/5/2019,11/20/2019,11,MCI - SHIRLEY,BUPRENORPHINE,Class B,C
W19-03586,11/5/2019,11/8/2019,3,MCI - SHIRLEY,NOT EXAMINED,NA,O
W19-03587,11/5/2019,11/20/2019,11,MCI - NORFOLK,NEGATIVE,NA,C
W19-03588,11/5/2019,11/19/2019,10,MCI - NORFOLK,OXYCODONE,Class B,C
W19-03589,11/5/2019,11/19/2019,10,MCI - NORFOLK,SYNTHETIC CANNABINOID (screen),NA,S
W19-03687,11/12/2019,11/20/2019,6,MA DOC (PCC),NEGATIVE,NA,C
W19-03696,11/14/2019,11/21/2019,5,MCI - NORFOLK,NEGATIVE,NA,C
W19-03697,11/14/2019,11/21/2019,5,MCI - NORFOLK,SYNTHETIC CANNABINOID (screen),NA,S
W19-03698,11/14/2019,11/21/2019,5,MCI - NORFOLK,BUPRENORPHINE,Class B,C
W19-03770A  ,11/20/2019,12/4/2019,10,MCI - FRAMINGHAM,COCAINE,Class B,C
W19-03770B ,11/20/2019,12/4/2019,10,MCI - FRAMINGHAM,NOT TESTED,NA,O
W19-03775 ,11/20/2019,12/4/2019,10,SBCC IPS,SYNTHETIC CANNABINOID (screen),NA,S
W19-03776 ,11/20/2019,12/4/2019,10,SBCC IPS,BUPRENORPHINE,Class B,C
W19-03777 ,11/20/2019,12/4/2019,10,SBCC IPS,SYNTHETIC CANNABINOID (screen),NA,S
W19-03778 ,11/20/2019,12/4/2019,10,SBCC IPS,BUPRENORPHINE,Class B,C
W19-03779 ,11/20/2019,12/4/2019,10,SBCC IPS,MMB-FUBINACA,NA,C
W19-03780 ,11/20/2019,12/4/2019,10,SBCC IPS,SYNTHETIC CANNABINOID (screen),NA,S
W19-03781 ,11/20/2019,12/12/2019,16,SBCC IPS,BUPRENORPHINE,Class B,C
W19-03782 ,11/20/2019,12/4/2019,10,SBCC IPS,MMB-FUBINACA,NA,C
W19-03783 ,11/20/2019,12/4/2019,10,SBCC IPS,SYNTHETIC CANNABINOID (screen),NA,S
W19-03784,11/20/2019,1/2/2020,26,SBCC IPS,SYNTHETIC CANNABINOID (screen),NA,S
W19-03785 ,11/20/2019,12/11/2019,15,SBCC IPS,SYNTHETIC CANNABINOID (screen),NA,S
W19-03786 ,11/20/2019,12/26/2019,24,SBCC IPS,BUPRENORPHINE,Class B,C
W19-03787 ,11/20/2019,12/11/2019,15,SBCC IPS,MMB-FUBINACA,NA,C
W19-03788 ,11/20/2019,12/11/2019,15,SBCC IPS,SYNTHETIC CANNABINOID (screen),NA,S
W19-03789 ,11/20/2019,12/11/2019,15,SBCC IPS,SYNTHETIC CANNABINOID (screen),NA,S
W19-03790 ,11/20/2019,12/11/2019,15,SBCC IPS,BUPRENORPHINE,Class B,C
W19-03791,11/20/2019,1/14/2020,34,SBCC IPS,NEGATIVE,NA,C
W19-03792 ,11/20/2019,12/11/2019,15,SBCC IPS,SYNTHETIC CANNABINOID (screen),NA,S
W19-03793 ,11/20/2019,12/11/2019,15,SBCC IPS,BUPRENORPHINE,Class B,C
W19-03794 ,11/20/2019,12/26/2019,24,SBCC IPS,SYNTHETIC CANNABINOID (screen),NA,S
W19-03795 ,11/20/2019,12/26/2019,24,SBCC IPS,NEGATIVE,NA,C
W19-03796A,11/20/2019,1/2/2020,26,SBCC IPS,SYNTHETIC CANNABINOID (screen),NA,S
W19-03796B,11/20/2019,1/2/2020,26,SBCC IPS,MMB-FUBINACA,NA,C
W19-03797 ,11/20/2019,12/26/2019,24,SBCC IPS,SYNTHETIC CANNABINOID (screen),NA,S
W19-03798  ,11/20/2019,12/20/2019,22,SBCC IPS,BUPRENORPHINE,Class B,C
W19-03799 ,11/20/2019,12/20/2019,22,SBCC IPS,BUPRENORPHINE,Class B,C
W19-03800 ,11/20/2019,12/26/2019,24,SBCC IPS,SYNTHETIC CANNABINOID (screen),NA,S
W19-03801 ,11/20/2019,12/26/2019,24,SBCC IPS,MMB-FUBINACA,NA,C
W19-03802 ,11/20/2019,12/20/2019,22,SBCC IPS,BUPRENORPHINE,Class B,C
W19-03803 ,11/20/2019,12/26/2019,24,SBCC IPS,SYNTHETIC CANNABINOID (screen),NA,S
W19-03804,11/20/2019,1/6/2020,28,SBCC IPS,NEGATIVE,NA,C
W19-03805,11/20/2019,1/2/2020,26,SBCC IPS,MARIJUANA,Class D,C
W19-03806 ,11/20/2019,12/4/2019,10,SBCC IPS,PCP,Class B,C
W19-03807,11/20/2019,1/2/2020,26,SBCC IPS,BUPRENORPHINE,Class B,C
W19-03808,11/20/2019,1/6/2020,28,SBCC IPS,SYNTHETIC CANNABINOID (screen),NA,S
W19-03809,11/20/2019,1/6/2020,28,SBCC IPS,SYNTHETIC CANNABINOID (screen),NA,S
W19-03810,11/20/2019,1/6/2020,28,SBCC IPS,SYNTHETIC CANNABINOID (screen),NA,S
W19-03811,11/20/2019,1/6/2020,28,SBCC IPS,SYNTHETIC CANNABINOID (screen),NA,S
W19-03812,11/20/2019,1/6/2020,28,SBCC IPS,SYNTHETIC CANNABINOID (screen),NA,S
W19-03813 ,11/20/2019,12/20/2019,22,SBCC IPS,BUPRENORPHINE,Class B,C
W19-03814 ,11/20/2019,12/20/2019,22,SBCC IPS,BUPRENORPHINE,Class B,C
W19-03815 ,11/20/2019,12/20/2019,22,SBCC IPS,BUPRENORPHINE,Class B,C
W19-03816 ,11/20/2019,12/3/2019,9,SBCC IPS,BUPRENORPHINE,Class B,C
W19-03817 ,11/20/2019,12/3/2019,9,SBCC IPS,BUPRENORPHINE,Class B,C
W19-03818 ,11/20/2019,12/20/2019,22,SBCC IPS,BUPRENORPHINE,Class B,C
W19-03819 ,11/20/2019,12/4/2019,10,SBCC IPS,NEGATIVE,NA,C
W19-03820,11/20/2019,1/14/2020,34,SBCC IPS,SYNTHETIC CANNABINOID (screen),NA,S
W19-03821 ,11/20/2019,12/20/2019,22,SBCC IPS,BUPRENORPHINE,Class B,C
W19-03822,11/20/2019,1/6/2020,28,SBCC IPS,MMB-FUBINACA,NA,C
W19-03823,11/20/2019,12/3/2019,9,SBCC IPS,SYNTHETIC CANNABINOID (screen),NA,S
W19-03824,11/21/2019,11/26/2019,3,MA DOC (NCCI),NEGATIVE,NA,C
W19-03825,11/21/2019,11/26/2019,3,MA DOC (NCCI),NEGATIVE,NA,C
W19-03852,11/26/2019,11/26/2019,1,MCI - NORFOLK,NEGATIVE,NA,C
W19-03853,11/26/2019,11/26/2019,1,MCI - NORFOLK,NEGATIVE,NA,C
W19-03857,12/3/2019,1/2/2020,19,MCI - CONCORD,NEGATIVE,NA,C
W19-03871,12/4/2019,12/20/2019,12,MCI - CEDAR JUNCTION,BUPRENORPHINE,Class B,C
W19-03872,12/4/2019,12/20/2019,12,MCI - CEDAR JUNCTION,MARIJUANA,Class D,C
W19-03873,12/4/2019,12/20/2019,12,MCI - CEDAR JUNCTION,BUPRENORPHINE,Class B,C
W19-03874,12/4/2019,12/20/2019,12,MCI - CEDAR JUNCTION,BUPRENORPHINE,Class B,C
W19-03875,12/4/2019,12/20/2019,12,MCI - CEDAR JUNCTION,BUPRENORPHINE,Class B,C
W19-03906,12/5/2019,12/10/2019,3,MCI - SHIRLEY,SYNTHETIC CANNABINOID (screen),NA,S
W19-04063,12/19/2019,1/2/2020,7,MCI - NORFOLK,NEGATIVE,NA,C
W19-04064,12/19/2019,1/6/2020,9,MCI - NORFOLK,NEGATIVE,NA,C
W19-04065A,12/19/2019,1/6/2020,9,MCI - NORFOLK,SYNTHETIC CANNABINOID (screen),NA,S
W19-04065B,12/19/2019,1/6/2020,9,MCI - NORFOLK,NOT TESTED,NA,O
W19-04073A,12/27/2019,1/29/2020,21,MCI - CONCORD,NEGATIVE,NA,C
W19-04073B,12/27/2019,1/29/2020,21,MCI - CONCORD,NOT TESTED,NA,O
W20-00023,1/7/2020,1/16/2020,7,MA DOC (OCCC),NEGATIVE,NA,C
W20-00024,1/7/2020,1/16/2020,7,MA DOC (OCCC),BUPRENORPHINE,Class B,C
W20-00025,1/7/2020,1/25/2020,13,MA DOC (OCCC),"NOT CONTROLLED(under class A,B,C,D) - Screen class E Clonidine",NA,S
W20-00026,1/7/2020,1/16/2020,7,MCI - SHIRLEY,NEGATIVE,NA,C
W20-00030,1/8/2020,1/23/2020,10,SBCC IPS,SYNTHETIC CANNABINOID (screen),NA,S
W20-00031,1/8/2020,1/23/2020,10,SBCC IPS,NEGATIVE,NA,C
W20-00032,1/8/2020,1/23/2020,10,SBCC IPS,SYNTHETIC CANNABINOID (screen),NA,S
W20-00033,1/8/2020,1/23/2020,10,SBCC IPS,NEGATIVE,NA,C
W20-00034,1/8/2020,1/23/2020,10,SBCC IPS,"NOT CONTROLLED(under class A,B,C,D) - Screen class E Clonidine",NA,S
W20-00035,1/8/2020,1/23/2020,10,SBCC IPS,"NOT CONTROLLED(under class A,B,C,D) - Screen class E Mirtazapine",NA,S
W20-00036,1/8/2020,1/23/2020,10,SBCC IPS,SYNTHETIC CANNABINOID (screen),NA,S
W20-00037,1/8/2020,1/31/2020,16,SBCC IPS,NEGATIVE,NA,C
W20-00038,1/8/2020,1/31/2020,16,SBCC IPS,SYNTHETIC CANNABINOID (screen),NA,S
W20-00039,1/8/2020,1/31/2020,16,SBCC IPS,SYNTHETIC CANNABINOID (screen),NA,S
W20-00040,1/8/2020,1/30/2020,15,SBCC IPS,BUPRENORPHINE,Class B,C
W20-00041,1/8/2020,1/31/2020,16,SBCC IPS,NEGATIVE,NA,C
W20-00042,1/8/2020,1/14/2020,4,SBCC IPS,NEGATIVE,NA,C
W20-00043,1/8/2020,1/31/2020,16,SBCC IPS,NEGATIVE,NA,C
W20-00044,1/8/2020,1/30/2020,15,SBCC IPS,BUPRENORPHINE,Class B,C
W20-00045,1/8/2020,1/30/2020,15,SBCC IPS,SYNTHETIC CANNABINOID (screen),NA,S
W20-00046,1/8/2020,1/30/2020,15,SBCC IPS,NEGATIVE,NA,C
W20-00047A,1/8/2020,1/14/2020,4,SBCC IPS,NEGATIVE,NA,C
W20-00047B,1/8/2020,1/14/2020,4,SBCC IPS,NOT TESTED,NA,O
W20-00048,1/8/2020,1/30/2020,15,SBCC IPS,BUPRENORPHINE,Class B,C
W20-00049,1/8/2020,1/30/2020,15,SBCC IPS,"NOT CONTROLLED(under class A,B,C,D) - Screen class E Mirtazapine",NA,S
W20-00050,1/8/2020,1/30/2020,15,SBCC IPS,SYNTHETIC CANNABINOID (screen),NA,S
W20-00051,1/8/2020,1/30/2020,15,SBCC IPS,NEGATIVE,NA,C
W20-00052,1/8/2020,1/30/2020,15,SBCC IPS,"NOT CONTROLLED(under class A,B,C,D) - Screen class E Clonidine",NA,S
W20-00053,1/8/2020,1/29/2020,14,SBCC IPS,NEGATIVE/OTC,NA,C
W20-00054,1/8/2020,1/29/2020,14,SBCC IPS,TRAZODONE,Class E,C
W20-00055,1/8/2020,2/5/2020,19,SBCC IPS,MMB-FUBINACA,NA,C
W20-00056,1/8/2020,1/14/2020,4,SBCC IPS,MMB-FUBINACA,NA,C
W20-00057,1/8/2020,1/14/2020,4,SBCC IPS,NEGATIVE,NA,C
W20-00058,1/8/2020,1/31/2020,16,SBCC IPS,NEGATIVE,NA,C
W20-00059,1/8/2020,1/31/2020,16,SBCC IPS,NEGATIVE,NA,C
W20-00060,1/8/2020,1/31/2020,16,SBCC IPS,SYNTHETIC CANNABINOID (screen),NA,S
W20-00061,1/8/2020,1/31/2020,16,SBCC IPS,NEGATIVE,NA,C
W20-00062,1/8/2020,1/31/2020,16,SBCC IPS,"NOT CONTROLLED(under class A,B,C,D) - Screen class E Mirtazapine",NA,S
W20-00063,1/8/2020,1/31/2020,16,SBCC IPS,SYNTHETIC CANNABINOID (screen),NA,S
W20-00165,1/14/2020,2/3/2020,13,MA DOC - OCCC,BUPRENORPHINE,Class B,C
W20-00166A,1/14/2020,2/3/2020,13,MCI - NORFOLK,SYNTHETIC CANNABINOID (screen),NA,S
W20-00166B,1/14/2020,2/3/2020,13,MCI - NORFOLK,NEGATIVE,NA,C
W20-00167,1/14/2020,2/3/2020,13,MCI - NORFOLK,5-Fluoro-MDMB-PICA,NA,C
W20-00180,1/15/2020,2/3/2020,12,MCI - CONCORD,5-Fluoro-MDMB-PICA,NA,C
W20-00181,1/15/2020,2/3/2020,12,MCI - CONCORD,BUPRENORPHINE,Class B,C
W20-00195,1/21/2020,2/3/2020,9,MCI - SHIRLEY,BUPRENORPHINE,Class B,C
W20-00288,1/28/2020,2/3/2020,4,MA DOC - OCCC,BUPRENORPHINE,Class B,C
W20-00294A,1/28/2020,2/3/2020,4,MCI - NORFOLK,MMB-FUBINACA,NA,C
W20-00294B,1/28/2020,2/3/2020,4,MCI - NORFOLK,MMB-FUBINACA,NA,C
W20-00295,1/28/2020,2/23/2020,18,MCI - NORFOLK,MMB-FUBINACA,NA,C
W20-00410,2/4/2020,2/7/2020,3,SBCC IPS,SYNTHETIC CANNABINOID (screen),NA,S
W20-00411,2/4/2020,2/7/2020,3,SBCC IPS,NEGATIVE,NA,C
W20-00412,2/4/2020,2/7/2020,3,SBCC IPS,NEGATIVE,NA,C
W20-00413,2/4/2020,2/7/2020,3,SBCC IPS,NEGATIVE,NA,C
W20-00414,2/4/2020,2/20/2020,11,SBCC IPS,MMB-FUBINACA,NA,C
W20-00415,2/4/2020,2/20/2020,11,SBCC IPS,NEGATIVE,NA,C
W20-00416,2/4/2020,2/20/2020,11,SBCC IPS,MMB-FUBINACA,NA,C
W20-00417,2/4/2020,2/7/2020,3,SBCC IPS,BUPRENORPHINE,Class B,C
W20-00418,2/4/2020,2/7/2020,3,SBCC IPS,BUPRENORPHINE,Class B,C
W20-00419,2/4/2020,2/20/2020,11,SBCC IPS,SYNTHETIC CANNABINOID (screen),NA,S
W20-00420,2/4/2020,2/20/2020,11,SBCC IPS,SYNTHETIC CANNABINOID (screen),NA,S
W20-00421,2/4/2020,2/23/2020,13,SBCC IPS,NEGATIVE,NA,C
W20-00422,2/4/2020,2/21/2020,12,SBCC IPS,5-Fluoro-MDMB-PICA,NA,C
W20-00423,2/4/2020,2/21/2020,12,SBCC IPS,5-Fluoro-MDMB-PICA,NA,C
W20-00424,2/4/2020,2/21/2020,12,SBCC IPS,NEGATIVE,NA,C
W20-00425A,2/4/2020,2/23/2020,13,SBCC IPS,"NOT CONTROLLED(under class A,B,C,D). Screening test(s) indicate the presence of CARBAMAZEPINE.",NA,S
W20-00425B,2/4/2020,2/23/2020,13,SBCC IPS,NOT TESTED,NA,O
W20-00426 ,2/4/2020,3/15/2020,27,SBCC IPS,NEGATIVE,NA,C
W20-00427,2/4/2020,2/23/2020,13,SBCC IPS,SYNTHETIC CANNABINOID (screen),NA,S
W20-00428,2/4/2020,2/7/2020,3,SBCC IPS,BUPRENORPHINE,Class B,C
W20-00429A ,2/4/2020,3/16/2020,28,SBCC IPS,NEGATIVE,NA,C
W20-00429B ,2/4/2020,3/16/2020,28,SBCC IPS,NEGATIVE,NA,C
W20-00437,2/5/2020,2/21/2020,11,MA DOC - NECC,NEGATIVE,NA,C
W20-00438,2/5/2020,2/21/2020,11,MA DOC - NECC,5-Fluoro-MDMB-PICA,NA,C
W20-00439,2/5/2020,2/21/2020,11,MA DOC - NECC,5-Fluoro-MDMB-PICA,NA,C
W20-00440,2/5/2020,2/21/2020,11,MA DOC - NECC,GABAPENTIN,Class E,S
W20-00730 ,2/27/2020,3/12/2020,10,MCI - NORFOLK,NEGATIVE,NA,C
W20-00742 ,2/27/2020,3/12/2020,10,MCI - CEDAR JUNCTION,BUPRENORPHINE,Class B,C
W20-00743A ,2/27/2020,3/12/2020,10,MCI - CEDAR JUNCTION,BUPRENORPHINE,Class B,C
W20-00743B ,2/27/2020,3/12/2020,10,MCI - CEDAR JUNCTION,NOT TESTED,NA,O
W20-00744 ,2/27/2020,3/12/2020,10,MCI - CEDAR JUNCTION,BUPRENORPHINE,Class B,C
W20-00745 ,2/27/2020,3/15/2020,12,MCI - CEDAR JUNCTION,NEGATIVE,NA,C
W20-00746 ,2/27/2020,3/15/2020,12,MCI - CEDAR JUNCTION,MMB-FUBINACA,NA,C
W20-00747 ,2/27/2020,3/12/2020,10,MCI - CEDAR JUNCTION,NEGATIVE,NA,C
W20-00748 ,2/27/2020,3/15/2020,12,MCI - CEDAR JUNCTION,NEGATIVE,NA,C
W20-00749 ,2/27/2020,3/16/2020,13,MCI - CEDAR JUNCTION,JWH-122,Class C,C
W20-00750A ,2/27/2020,3/15/2020,12,MCI - CEDAR JUNCTION,BUPRENORPHINE,Class B,C
W20-00750B ,2/27/2020,3/15/2020,12,MCI - CEDAR JUNCTION,BUPRENORPHINE,Class B,C
W20-00751 ,2/27/2020,3/12/2020,10,MCI - CEDAR JUNCTION,BUPRENORPHINE,Class B,C
W20-00787 ,3/3/2020,3/15/2020,9,SBCC IPS,NEGATIVE,NA,C
W20-00788 ,3/3/2020,3/15/2020,9,SBCC IPS,NEGATIVE,NA,C
W20-00789 ,3/3/2020,3/5/2020,2,SBCC IPS,NEGATIVE,NA,C
W20-00790 ,3/3/2020,3/15/2020,9,SBCC IPS,SYNTHETIC CANNABINOID (screen),NA,S
W20-00791 ,3/3/2020,3/5/2020,2,SBCC IPS,NEGATIVE,NA,C
W20-00792 ,3/3/2020,3/5/2020,2,SBCC IPS,NEGATIVE,NA,C
W20-00793 ,3/3/2020,3/5/2020,2,SBCC IPS,NEGATIVE,NA,C
W20-00794 ,3/3/2020,3/5/2020,2,SBCC IPS,NEGATIVE,NA,C
W20-00795 ,3/4/2020,4/6/2020,23,MCI - SHIRLEY,BUPRENORPHINE,Class B,C
W20-00796,3/4/2020,4/13/2020,28,MCI - SHIRLEY,JWH-122,Class C,C
W20-00797,3/4/2020,4/13/2020,28,MCI - CONCORD,NEGATIVE,NA,C
W20-00798A,3/4/2020,4/6/2020,23,MCI - CONCORD,5-Fluoro-MDMB-PICA,NA,C
W20-00798B ,3/4/2020,4/6/2020,23,MCI - CONCORD,NOT TESTED,NA,O
W20-00799A ,3/4/2020,4/6/2020,23,MCI - CONCORD,4-fluoro-MDMB-Butinaca (screen),NA,S
W20-00799B ,3/4/2020,4/6/2020,23,MCI - CONCORD,NOT TESTED,NA,O
W20-00806  ,3/5/2020,4/6/2020,22,MCI - NORFOLK,NEGATIVE,NA,C
W20-00807 ,3/5/2020,4/6/2020,22,MCI - NORFOLK,NEGATIVE,NA,C
W20-00808 ,3/5/2020,4/6/2020,22,MCI - NORFOLK,NEGATIVE,NA,C
W20-00809 ,3/5/2020,4/6/2020,22,MCI - NORFOLK,NEGATIVE,NA,C
W20-00810 ,3/5/2020,4/6/2020,22,MCI - NORFOLK,5-Fluoro-MDMB-PICA,NA,C
W20-00813  ,3/5/2020,4/8/2020,24,MA DOC (NCCI),NEGATIVE,NA,C
W20-00843  ,3/10/2020,4/8/2020,21,SBCC IPS,NEGATIVE,NA,C
W20-00844,3/10/2020,4/8/2020,21,SBCC IPS,4-fluoro-MDMB-Butinaca (screen),NA,S
W20-00845 ,3/10/2020,3/23/2020,9,SBCC IPS,BUPRENORPHINE,Class B,C
W20-00846 ,3/10/2020,3/23/2020,9,SBCC IPS,NEGATIVE / Screening test(s) indicate aN pAresence of SNICOTINE,NA,C
W20-00847,3/10/2020,4/8/2020,21,SBCC IPS,4-fluoro-MDMB-Butinaca (screen),NA,S
W20-00848,3/10/2020,4/8/2020,21,MCI - NORFOLK,5-Fluoro-MDMB-PICA,NA,C
W20-00849,3/10/2020,4/8/2020,21,MCI - NORFOLK,SYNTHETIC CANNABINOIDS (screen),NA,S
W20-00881  ,3/11/2020,4/13/2020,23,MCI - CONCORD,BUPRENORPHINE,Class B,C
W20-00882,3/11/2020,4/13/2020,23,MCI - CONCORD,BUPRENORPHINE,Class B,C
W20-00883 ,3/11/2020,4/13/2020,23,MCI - CONCORD,SYNTHETIC CANNABINOID (screen),NA,S
W20-00901  ,3/12/2020,4/13/2020,22,MCI - SHIRLEY,SYNTHETIC CANNABINOID (screen),NA,S
W20-00902,3/12/2020,4/13/2020,22,MCI - SHIRLEY,BUPRENORPHINE ,Class B,C
W20-00903,3/12/2020,4/14/2020,23,MCI - SHIRLEY,SYNTHETIC CANNABINOID (screen) ,NA,S
W20-00956,3/23/2020,4/14/2020,16,MA DOC (NCCI),NEGATIVE,NA,C
W20-00957,3/24/2020,4/14/2020,15,MCI - SHIRLEY,SYNTHETIC CANNABINOID (screen),NA,S
W20-00982,4/1/2020,4/9/2020,6,MCI - NORFOLK,NOT TESTED,NA,O
W20-00983,4/1/2020,4/15/2020,10,MCI - NORFOLK,NEGATIVE,NA,C
W20-00984,4/1/2020,4/15/2020,10,MA DOC (NCCI),NEGATIVE,NA,C
W20-00985,4/1/2020,4/15/2020,10,MCI - CONCORD,SYNTHETIC CANNABINOID (screen),NA,S
W20-00986,4/1/2020,4/15/2020,10,MCI - CONCORD,BUPRENORPHINE ,Class B,C
W20-00987,4/1/2020,4/15/2020,10,MCI - CONCORD,SYNTHETIC CANNABINOID (screen),NA,S
W20-00988,4/8/2020,4/9/2020,1,SBCC IPS,NEGATIVE/OTC  (Acetaminophen),NA,C
W20-00989,4/8/2020,4/15/2020,5,SBCC IPS,"NOT CONTROLLED(under class A,B,C,D). Screening test(s) indicate the presence of Mirtazepine.",NA,S
W20-00990,4/8/2020,4/15/2020,5,SBCC IPS,NEGATIVE,NA,C
W20-00991,4/8/2020,4/15/2020,5,SBCC IPS,"NOT CONTROLLED(under class A,B,C,D). Screening test(s) indicate the presence of Clonidine.",NA,S
W20-00992A,4/8/2020,4/15/2020,5,SBCC IPS,"NOT CONTROLLED(under class A,B,C,D). Screening test(s) indicate the presence of Mirtazepine.",NA,S
W20-00992B,4/8/2020,4/15/2020,5,SBCC IPS,"NOT CONTROLLED(under class A,B,C,D). Screening test(s) indicate the presence of Citalopram.",NA,S
W20-00993,4/8/2020,4/15/2020,5,SBCC IPS,NEGATIVE,NA,C
W20-00994,4/8/2020,4/22/2020,9,SBCC IPS,NEGATIVE,NA,C
W20-00995,4/8/2020,4/22/2020,9,SBCC IPS,NEGATIVE,NA,C
W20-00996,4/8/2020,4/22/2020,9,SBCC IPS,NEGATIVE,NA,C
W20-00997,4/8/2020,4/23/2020,10,SBCC IPS,4-fluoro-MDMB-Butinaca (screen),NA,S
W20-00998,4/8/2020,4/13/2020,3,SBCC IPS,IBUPROFEN 400 MG,Class E,C
W20-00999,4/8/2020,4/28/2020,13,SBCC IPS,4-fluoro-MDMB-Butinaca (screen),NA,S
W20-01000,4/8/2020,4/23/2020,10,SBCC IPS,"NOT CONTROLLED(under class A,B,C,D). Screening test(s) indicate the presence of CLONIDINE.",NA,S
W20-01001,4/8/2020,4/23/2020,10,SBCC IPS,Screening test(s) indicate the presence of NICOTINE,NA,S
W20-01002,4/8/2020,4/23/2020,10,MCI - CONCORD,BUPRENORPHINE,Class B,C
W20-01003,4/8/2020,4/23/2020,10,MCI - CONCORD,MARIJUANA,Class D,C
W20-01039,4/22/2020,5/14/2020,16,MA DOC (OCCC),NEGATIVE. Screening test(s) indicate the presence of NICOTINE.,NA,C
W20-01040 ,4/22/2020,5/14/2020,16,MA DOC (OCCC),"NOT CONTROLLED(under class A,B,C,D). Screening test(s) NA indicate the presence of VENLAFAXINE.	",NA,S
W20-01041 ,4/22/2020,5/14/2020,16,MA DOC (OCCC),MIRTAZAPINE,Class E,C
W20-01042 ,4/22/2020,5/7/2020,11,MA DOC (OCCC),NOT TESTED,NA,O
W20-01043 ,4/23/2020,5/14/2020,15,MCI - SHIRLEY,BUPRENORPHINE,Class B,C
W20-01061 ,5/5/2020,5/20/2020,11,MCI - CONCORD,MMB-FUBINACA,NA,C
W20-01062 ,5/5/2020,5/20/2020,11,MCI - CONCORD,SYNTHETIC CANNABINOID (screen),NA,S
W20-01063 ,5/5/2020,5/20/2020,11,MCI - CONCORD,SYNTHETIC CANNABINOIDS (screen),NA,S
W20-01064,5/5/2020,5/20/2020,11,MCI - CONCORD,SYNTHETIC CANNABINOIDS (screen),NA,S
W20-01065 ,5/5/2020,5/21/2020,12,MCI - CONCORD,MMB-FUBINACA,NA,C
W20-01079 ,5/7/2020,5/21/2020,10,SBCC IPS,SYNTHETIC CANNABINOID (screen),NA,S
W20-01080 ,5/7/2020,5/21/2020,10,SBCC IPS,SYNTHETIC CANNABINOID (screen),NA,S
W20-01081 ,5/7/2020,5/21/2020,10,SBCC IPS,Screening test(s) indicate the presence of HEROIN and a SYNTHETIC CANNABINOID.,NA,S
W20-01082 ,5/7/2020,5/21/2020,10,SBCC IPS,5-Fluoro-MDMB-PICA,NA,C
W20-01083 ,5/7/2020,5/21/2020,10,SBCC IPS,5-Fluoro-MDMB-PICA,NA,C
W20-01084,5/7/2020,5/14/2020,5,SBCC IPS,"NOT CONTROLLED(under class A,B,C,D). Screening test(s) NA indicate the presence of VENLAFAXINE.	",NA,S
W20-01085A,5/7/2020,5/14/2020,5,SBCC IPS,"NOT CONTROLLED(under class A,B,C,D). Screening test(s) NA indicate the presence of VENLAFAXINE.	",NA,S
W20-01085B ,5/7/2020,5/18/2020,7,SBCC IPS,"NOT CONTROLLED(under class A,B,C,D). Screening test(s) NA indicate the presence of CITALOPRAM.",NA,S
W20-01086 ,5/7/2020,5/14/2020,5,SBCC IPS,NEGATIVE,NA,C
W20-01087 ,5/7/2020,5/14/2020,5,SBCC IPS,NEGATIVE,NA,C
W20-01088,5/7/2020,5/21/2020,10,SBCC IPS,OXCARBAZEPINE,Class E,C
W20-01089,5/7/2020,5/21/2020,10,SBCC IPS,AMOXICILLIN & CLAVULANATE POTASSIUM,Class E,C
W20-01090,5/7/2020,5/21/2020,10,SBCC IPS,HYDROCHLOROTHIAZIDE,Class E,C
W20-01091 ,5/7/2020,5/21/2020,10,SBCC IPS,NEGATIVE,NA,C
W20-01208  ,6/2/2020,6/8/2020,4,MCI - CONCORD,NEGATIVE,NA,C
W20-01209,6/2/2020,6/8/2020,4,MCI - CONCORD,4-fluoro-MDMB-Butinaca (screen),NA,S
W20-01246 ,6/9/2020,6/16/2020,5,MCI - SHIRLEY,BUPRENORPHINE,Class B,C
W20-01247 ,6/9/2020,6/16/2020,5,MCI - SHIRLEY,SYNTHETIC CANNABINOID (screen),NA,S
W20-01338 ,6/23/2020,7/10/2020,12,MCI - FRAMINGHAM,FENTANYL-A,Class A,C
W20-01339 ,6/23/2020,7/10/2020,12,MCI - FRAMINGHAM,COCAINE,Class B,C
W20-01340 ,6/23/2020,7/10/2020,12,MCI - FRAMINGHAM,COCAINE,Class B,C
W20-01341 ,6/23/2020,7/6/2020,8,MCI - FRAMINGHAM,NOT TESTED,NA,O
W20-01380 ,6/26/2020,7/28/2020,21,MA DOC - NECC,SYNTHETIC CANNABINOID (screen),NA,S
W20-01383,6/30/2020,7/8/2020,5,SBCC IPS,NEGATIVE,NA,C
W20-01384,6/30/2020,7/8/2020,5,SBCC IPS,NEGATIVE,NA,C
W20-01385A ,6/30/2020,7/6/2020,3,SBCC IPS,CITALOPRAM,Class E,C
W20-01385B ,6/30/2020,7/6/2020,3,SBCC IPS,CLONIDINE,Class E,C
W20-01386,6/30/2020,7/8/2020,5,SBCC IPS,SYNTHETIC CANNABINOID (screen),NA,S
W20-01387,6/30/2020,7/27/2020,18,SBCC IPS,5-Fluoro-MDMB-PICA,NA,C
W20-01388 ,6/30/2020,7/8/2020,5,SBCC IPS,NEGATIVE,NA,C
W20-01389 ,6/30/2020,7/8/2020,5,SBCC IPS,SYNTHETIC CANNABINOID (screen),NA,S
W20-01390 ,6/30/2020,7/6/2020,3,SBCC IPS,CLONIDINE,Class E,S
W20-01391 ,6/30/2020,7/6/2020,3,SBCC IPS,MIRTAZAPINE,Class E,S
W20-01392 ,6/30/2020,7/8/2020,5,SBCC IPS,SYNTHETIC CANNABINOID (screen),NA,S
W20-01393 ,6/30/2020,7/8/2020,5,SBCC IPS,NEGATIVE,NA,C
W20-01394 ,6/30/2020,7/10/2020,7,SBCC IPS,NEGATIVE,NA,C
W20-01395 ,6/30/2020,7/10/2020,7,SBCC IPS,BUPROPION,Class E,C
W20-01396 ,6/30/2020,7/13/2020,9,SBCC IPS,NEGATIVE,NA,C
W20-01397 ,6/30/2020,7/13/2020,9,SBCC IPS,NEGATIVE,NA,C
W20-01398 ,6/30/2020,7/13/2020,9,SBCC IPS,NEGATIVE,NA,C
W20-01399 ,6/30/2020,7/13/2020,9,SBCC IPS,NEGATIVE,NA,C
W20-01423 ,7/1/2020,7/21/2020,13,SBCC IPS,BUPRENORPHINE,Class B,C
W20-01530 ,7/17/2020,8/11/2020,17,MA DOC - OCCC,BUPRENORPHINE,Class B,C
W20-01531 ,7/17/2020,8/11/2020,17,MA DOC - OCCC,NEGATIVE,NA,C
W20-01537 ,7/22/2020,8/7/2020,12,MCI - CEDAR JUNCTION,SYNTHETIC CANNABINOID (screen),NA,S
W20-01538 ,7/22/2020,8/7/2020,12,MCI - CEDAR JUNCTION,SYNTHETIC CANNABINOID (screen),NA,S
W20-01544 ,7/23/2020,8/13/2020,15,MCI - CONCORD,5-Fluoro-MDMB-PICA. Screening test(s) also indicate a presence of another synthetic cannabinoid.,NA,C
W20-01545 ,7/23/2020,8/13/2020,15,MCI - CONCORD,BUPRENORPHINE,Class B,C
W20-01561 ,7/28/2020,8/19/2020,16,MA DOC - NCCI,SYNTHETIC CANNABINOID (screen),NA,S
W20-01591 ,8/4/2020,8/17/2020,9,SBCC IPS,CLONIDINE,Class E,S
W20-01592 ,8/4/2020,8/17/2020,9,SBCC IPS,MIRTAZAPINE,Class E,S
W20-01593 ,8/4/2020,8/20/2020,12,SBCC IPS,SYNTHETIC CANNABINOID (screen),NA,S
W20-01594 ,8/4/2020,8/20/2020,12,SBCC IPS,SYNTHETIC CANNABINOID (screen),NA,S
W20-01595 ,8/4/2020,8/20/2020,12,SBCC IPS,SYNTHETIC CANNABINOID (screen),NA,S
W20-01596 ,8/4/2020,8/20/2020,12,SBCC IPS,SYNTHETIC CANNABINOID (screen),NA,S
W20-01597 ,8/4/2020,8/21/2020,13,SBCC IPS,NEGATIVE,NA,C
W20-01598 ,8/4/2020,8/21/2020,13,SBCC IPS,NEGATIVE,NA,C
W20-01599 ,8/4/2020,8/21/2020,13,SBCC IPS,NEGATIVE,NA,C
W20-01600 ,8/4/2020,8/20/2020,12,SBCC IPS,SYNTHETIC CANNABINOID (screen),NA,S
W20-01615 ,8/6/2020,8/28/2020,16,MA DOC - SMCC,CLONAZEPAM,Class C,C
W20-01632 ,8/11/2020,8/27/2020,12,MA DOC - NCCI,SYNTHETIC CANNABINOID (screen),NA,S
W20-01633 ,8/13/2020,8/27/2020,10,MCI - SHIRLEY,5-Fluoro-MDMB-PICA. Screening test(s) also indicate a presence of another synthetic cannabinoid.,NA,C
W20-01662 ,8/18/2020,8/27/2020,7,MA DOC - NCCI,SYNTHETIC CANNABINOID (screen),NA,S
W20-01663,8/18/2020,8/27/2020,7,MA DOC - NCCI,SYNTHETIC CANNABINOID (screen),NA,S
W20-01674 ,8/19/2020,9/3/2020,11,MCI - CONCORD,SYNTHETIC CANNABINOIDS (screen),NA,S
W20-01675 ,8/19/2020,9/3/2020,11,MCI - CONCORD,NEGATIVE,NA,C
W20-01676 ,8/19/2020,9/3/2020,11,MCI - CONCORD,5-Fluoro-MDMB-PICA. Screening test(s) also indicate a presence of another synthetic cannabinoid.,NA,C
W20-01677 ,8/19/2020,9/3/2020,11,MCI - CONCORD,NEGATIVE,NA,C
W20-01681 ,8/21/2020,9/4/2020,10,MA DOC - OCCC,SYNTHETIC CANNABINOIDS (screen),NA,S
W20-01699  ,8/25/2020,9/3/2020,7,MCI - SHIRLEY,SYNTHETIC CANNABINOID (screen),NA,S
W20-01700 ,8/25/2020,9/3/2020,7,MCI - SHIRLEY,NEGATIVE,NA,C
W20-01706 ,8/27/2020,9/4/2020,6,MA DOC - NCCI,NEGATIVE,NA,C
W20-01776 ,9/1/2020,9/18/2020,12,MCI - CONCORD,SYNTHETIC CANNABINOID (screen),NA,S
W20-01777 ,9/1/2020,9/18/2020,12,MCI - CONCORD,SYNTHETIC CANNABINOID (screen),NA,S
W20-01778 ,9/1/2020,9/18/2020,12,MCI - CONCORD,NEGATIVE,NA,C
W20-01779 ,9/1/2020,9/18/2020,12,MCI - CONCORD,BUPRENORPHINE,Class B,C
W20-01780 ,9/1/2020,9/18/2020,12,MCI - CONCORD,CANNABIDIOL & THC,NA,C
W20-01781 ,9/1/2020,9/18/2020,12,MCI - CONCORD,NEGATIVE. Screening test(s) indicate a presence of NICOTINE.,NA,C
W20-01792 ,9/2/2020,9/18/2020,11,SBCC IPS,SYNTHETIC CANNABINOID (screen),NA,S
W20-01793,9/2/2020,9/18/2020,11,SBCC IPS,NEGATIVE,NA,C
W20-01794,9/2/2020,9/18/2020,11,SBCC IPS,SYNTHETIC CANNABINOID (screen),NA,S
W20-01795,9/2/2020,9/18/2020,11,SBCC IPS,SYNTHETIC CANNABINOID (screen),NA,S
W20-01796,9/2/2020,9/18/2020,11,SBCC IPS,SYNTHETIC CANNABINOID (screen),NA,S
W20-01797,9/2/2020,9/21/2020,12,SBCC IPS,SYNTHETIC CANNABINOID (screen),NA,S
W20-01798,9/2/2020,9/21/2020,12,SBCC IPS,SYNTHETIC CANNABINOID (screen),NA,S
W20-01799,9/2/2020,9/21/2020,12,SBCC IPS,NEGATIVE,NA,C
W20-01800,9/2/2020,9/21/2020,12,SBCC IPS,SYNTHETIC CANNABINOIDS (screen),NA,S
W20-01801,9/2/2020,9/21/2020,12,SBCC IPS,SYNTHETIC CANNABINOID (screen),NA,S
W20-01802,9/2/2020,9/21/2020,12,SBCC IPS,SYNTHETIC CANNABINOID (screen),NA,S
W20-01803,9/2/2020,9/21/2020,12,SBCC IPS,SYNTHETIC CANNABINOID (screen),NA,S
W20-01804,9/2/2020,9/10/2020,5,SBCC IPS,NEGATIVE,NA,C
W20-01805,9/2/2020,9/10/2020,5,SBCC IPS,NEGATIVE,NA,C
W20-01806,9/2/2020,9/10/2020,5,SBCC IPS,NEGATIVE,NA,C
W20-01807,9/2/2020,9/10/2020,5,SBCC IPS,NEGATIVE,NA,C
W20-01808,9/2/2020,9/10/2020,5,SBCC IPS,NEGATIVE,NA,C
W20-01809,9/2/2020,9/10/2020,5,SBCC IPS,NEGATIVE,NA,C
W20-01810,9/2/2020,9/10/2020,5,SBCC IPS,NEGATIVE,NA,C
W20-01811,9/2/2020,9/10/2020,5,SBCC IPS,NEGATIVE,NA,C
W20-01826,9/3/2020,9/18/2020,10,MCI - CONCORD,NEGATIVE,NA,C
W20-01827,9/3/2020,9/18/2020,10,MCI - CONCORD,NEGATIVE,NA,C
W20-01828,9/3/2020,9/18/2020,10,MCI - CONCORD,NEGATIVE,NA,C
W20-01829,9/3/2020,9/18/2020,10,MCI - CONCORD,NEGATIVE,NA,C
W20-01906A,9/15/2020,9/25/2020,8,MCI - NORFOLK,Screening test(s) indicate the presence of IBUPROFEN and ACETAMINOPHEN.,NA,S
W20-01906B,9/15/2020,9/25/2020,8,MCI - NORFOLK,Screening test(s) indicate the presence of IBUPROFEN.,NA,S
W20-01906C,9/15/2020,9/25/2020,8,MCI - NORFOLK,Screening test(s) indicate the presence of IBUPROFEN and ACETAMINOPHEN.,NA,S
W20-01906D,9/15/2020,9/25/2020,8,MCI - NORFOLK,Screening test(s) indicate the presence of IBUPROFEN and ACETAMINOPHEN.,NA,S
W20-01923,9/16/2020,9/24/2020,6,SBCC IPS,SYNTHETIC CANNABINOID (screen),NA,S
W20-01924,9/16/2020,9/24/2020,6,SBCC IPS,SYNTHETIC CANNABINOID (screen),NA,S
W20-01925,9/16/2020,9/25/2020,7,SBCC IPS,SYNTHETIC CANNABINOID (screen),NA,S
W20-01926,9/16/2020,9/25/2020,7,SBCC IPS,SYNTHETIC CANNABINOIDS (screen),NA,S
W20-01929,9/17/2020,9/25/2020,6,MCI - CEDAR JUNCTION,BUPRENORPHINE,Class B,C
W20-01930,9/17/2020,9/25/2020,6,MCI - CONCORD,NEGATIVE,NA,C
W20-01931,9/17/2020,9/25/2020,6,MCI - CONCORD,SYNTHETIC CANNABINOID (screen),NA,S
W20-01932,9/17/2020,9/25/2020,6,MCI - CONCORD,NEGATIVE,NA,C
W20-01969,9/22/2020,9/30/2020,6,MA DOC - NCCI,NEGATIVE,NA,C